stay_date,room_nights,occupied_apartments,apartment_bed_rate_pairs,avg_bed_rate,sum_bed_rate
2023-10-27,1,[8],"[(8, 553065)]",553065.0,553065
2023-10-28,3,"[8, 0]","[(8, 553065), (0, 141599)]",347332.0,694664
2023-10-29,7,"[8, 9, 0, 5]","[(8, 553065), (9, 117791), (0, 141599), (5, 236200)]",262163.75,1048655
2023-10-30,17,"[8, 9, 0, 7, 1, 3, 5, 6]","[(8, 553065), (9, 117791), (0, 141599), (7, 135003), (1, 145224), (3, 124403), (5, 236200), (6, 274513)]",215974.75,1727798
2023-10-31,19,"[8, 9, 0, 7, 1, 3, 5, 10, 6]","[(8, 553065), (9, 117791), (0, 141599), (7, 135003), (1, 145224), (3, 124403), (5, 236200), (10, 104880), (6, 274513)]",203630.88888888888,1832678
2023-11-01,26,"[3, 0, 1, 4, 7, 5, 2, 8, 9, 10, 6]","[(3, 124403), (0, 145573), (1, 174784), (4, 130978), (7, 138861), (5, 236200), (2, 209094), (8, 163124), (9, 137932), (10, 104880), (6, 274513)]",167303.81818181818,1840342
2023-11-02,25,"[3, 0, 1, 4, 7, 5, 2, 8, 9, 10, 6]","[(3, 154842), (0, 145573), (1, 174784), (4, 130978), (7, 138861), (5, 236200), (2, 209094), (8, 163124), (9, 137932), (10, 104880), (6, 274513)]",170071.0,1870781
2023-11-03,24,"[3, 4, 7, 5, 2, 8, 9, 10, 6, 1, 0]","[(3, 154842), (4, 130978), (7, 138861), (5, 236200), (2, 209094), (8, 163124), (9, 137932), (10, 104880), (6, 274513), (1, 240106), (0, 368115)]",196240.45454545456,2158645
2023-11-04,22,"[3, 9, 10, 6, 1, 7, 0, 5, 2, 4]","[(3, 154842), (9, 137932), (10, 104880), (6, 274513), (1, 240106), (7, 143453), (0, 368115), (5, 96672), (2, 172735), (4, 89114)]",178236.2,1782362
2023-11-05,19,"[3, 6, 1, 7, 0, 5, 2, 4, 8]","[(3, 154842), (6, 274513), (1, 240106), (7, 143453), (0, 368115), (5, 96672), (2, 172735), (4, 89114), (8, 215942)]",195054.66666666666,1755492
2023-11-06,12,"[3, 0, 5, 2, 4, 8]","[(3, 154842), (0, 368115), (5, 96672), (2, 172735), (4, 89114), (8, 215942)]",182903.33333333334,1097420
2023-11-07,9,"[3, 2, 4, 8]","[(3, 154842), (2, 172735), (4, 89114), (8, 215942)]",158158.25,632633
2023-11-08,8,"[3, 8, 5, 4]","[(3, 154842), (8, 215942), (5, 108088), (4, 114952)]",148456.0,593824
2023-11-09,15,"[3, 8, 5, 4, 2, 7]","[(3, 154842), (8, 215942), (5, 108088), (4, 114952), (2, 118143), (7, 168147)]",146685.66666666666,880114
2023-11-10,21,"[3, 8, 5, 4, 6, 2, 7]","[(3, 154842), (8, 215942), (5, 108088), (4, 114952), (6, 119247), (2, 118143), (7, 168147)]",142765.85714285713,999361
2023-11-11,25,"[3, 5, 4, 6, 2, 7, 1, 9]","[(3, 154842), (5, 108088), (4, 114952), (6, 119247), (2, 118143), (7, 168147), (1, 128278), (9, 98314)]",126251.375,1010011
2023-11-12,25,"[3, 6, 2, 7, 0, 1, 9, 4]","[(3, 154842), (6, 119247), (2, 118143), (7, 168147), (0, 116793), (1, 128278), (9, 98314), (4, 98655)]",125302.375,1002419
2023-11-13,12,"[3, 0, 1, 9, 4]","[(3, 154842), (0, 116793), (1, 128278), (9, 98314), (4, 98655)]",119376.4,596882
2023-11-14,14,"[3, 7, 0, 1, 9, 4]","[(3, 154842), (7, 147980), (0, 116793), (1, 128278), (9, 98314), (4, 98655)]",124143.66666666667,744862
2023-11-15,14,"[3, 7, 0, 1, 9, 4]","[(3, 154842), (7, 147980), (0, 116793), (1, 128278), (9, 98314), (4, 98655)]",124143.66666666667,744862
2023-11-16,25,"[3, 7, 0, 1, 9, 2, 5, 4, 10, 8]","[(3, 154842), (7, 147980), (0, 116793), (1, 128278), (9, 98314), (2, 179744), (5, 125184), (4, 98655), (10, 119582), (8, 192126)]",136149.8,1361498
2023-11-17,30,"[0, 3, 1, 9, 2, 5, 4, 10, 7, 8, 6]","[(0, 178201), (3, 154842), (1, 128278), (9, 98314), (2, 179744), (5, 125184), (4, 98655), (10, 119582), (7, 131866), (8, 192126), (6, 217746)]",147685.27272727274,1624538
2023-11-18,29,"[0, 1, 3, 2, 5, 4, 10, 7, 8, 6, 9]","[(0, 178201), (1, 125234), (3, 154842), (2, 179744), (5, 125184), (4, 98655), (10, 119582), (7, 131866), (8, 192126), (6, 217746), (9, 155324)]",152591.27272727274,1678504
2023-11-19,13,"[0, 1, 3, 4, 6, 9]","[(0, 178201), (1, 125234), (3, 154842), (4, 224744), (6, 217746), (9, 155324)]",176015.16666666666,1056091
2023-11-20,7,"[0, 1, 3, 4]","[(0, 178201), (1, 125234), (3, 154842), (4, 224744)]",170755.25,683021
2023-11-21,14,"[2, 3, 1, 4, 6, 9]","[(2, 98796), (3, 154842), (1, 101585), (4, 224744), (6, 145283), (9, 135968)]",143536.33333333334,861218
2023-11-22,18,"[2, 3, 1, 4, 5, 6, 8, 9]","[(2, 98796), (3, 154842), (1, 101585), (4, 224744), (5, 129480), (6, 145283), (8, 218052), (9, 135968)]",151093.75,1208750
2023-11-23,20,"[3, 1, 4, 5, 6, 7, 0, 8, 9]","[(3, 154842), (1, 101585), (4, 224744), (5, 129480), (6, 145283), (7, 140739), (0, 221711), (8, 218052), (9, 135968)]",163600.44444444444,1472404
2023-11-24,21,"[4, 5, 6, 7, 0, 8, 9, 2, 1]","[(4, 224744), (5, 129480), (6, 145283), (7, 140739), (0, 221711), (8, 218052), (9, 135968), (2, 134604), (1, 183274)]",170428.33333333334,1533855
2023-11-25,21,"[6, 7, 0, 8, 9, 2, 10, 1, 5]","[(6, 145283), (7, 140739), (0, 221711), (8, 218052), (9, 135968), (2, 134604), (10, 181046), (1, 183274), (5, 103571)]",162694.22222222222,1464248
2023-11-26,5,"[10, 1, 5]","[(10, 181046), (1, 183274), (5, 103571)]",155963.66666666666,467891
2023-11-27,7,"[1, 5, 4, 9]","[(1, 183274), (5, 103571), (4, 89236), (9, 320650)]",174182.75,696731
2023-11-28,7,"[1, 5, 4, 9]","[(1, 183274), (5, 103571), (4, 89236), (9, 320650)]",174182.75,696731
2023-11-29,9,"[4, 9, 8, 0, 1]","[(4, 89236), (9, 320650), (8, 220952), (0, 201216), (1, 187501)]",203911.0,1019555
2023-11-30,15,"[4, 9, 5, 8, 6, 0, 1]","[(4, 89236), (9, 320650), (5, 115913), (8, 220952), (6, 224402), (0, 201216), (1, 187501)]",194267.14285714287,1359870
2023-12-01,30,"[9, 5, 7, 8, 6, 0, 3, 2, 1, 4, 10]","[(9, 320650), (5, 115913), (7, 150104), (8, 220952), (6, 224402), (0, 201216), (3, 164722), (2, 141204), (1, 187501), (4, 226024), (10, 136202)]",189899.0909090909,2088890
2023-12-02,31,"[7, 8, 6, 0, 3, 2, 1, 4, 5, 10, 9]","[(7, 150104), (8, 220952), (6, 224402), (0, 201216), (3, 164722), (2, 141204), (1, 187501), (4, 226024), (5, 145737), (10, 136202), (9, 293070)]",190103.0909090909,2091134
2023-12-03,12,"[1, 4, 5, 10, 9, 8]","[(1, 187501), (4, 226024), (5, 145737), (10, 136202), (9, 293070), (8, 250746)]",206546.66666666666,1239280
2023-12-04,12,"[1, 4, 5, 10, 9, 8]","[(1, 187501), (4, 226024), (5, 145737), (10, 136202), (9, 293070), (8, 250746)]",206546.66666666666,1239280
2023-12-05,14,"[5, 10, 0, 9, 1, 8, 3]","[(5, 145737), (10, 136202), (0, 191316), (9, 293070), (1, 222751), (8, 250746), (3, 318991)]",222687.57142857142,1558813
2023-12-06,12,"[0, 9, 5, 1, 8, 3]","[(0, 191316), (9, 293070), (5, 165342), (1, 222751), (8, 250746), (3, 318991)]",240369.33333333334,1442216
2023-12-07,27,"[0, 9, 5, 1, 10, 8, 3, 2, 7, 6]","[(0, 191316), (9, 293070), (5, 165342), (1, 222751), (10, 162807), (8, 250746), (3, 318991), (2, 257611), (7, 233092), (6, 198718)]",229444.4,2294444
2023-12-08,27,"[5, 1, 10, 8, 3, 2, 7, 9, 6, 0]","[(5, 165342), (1, 222751), (10, 162807), (8, 250746), (3, 318991), (2, 257611), (7, 233092), (9, 262394), (6, 198718), (0, 333822)]",240627.4,2406274
2023-12-09,27,"[7, 9, 6, 5, 10, 0, 8, 2, 3, 1]","[(7, 233092), (9, 262394), (6, 198718), (5, 201540), (10, 168831), (0, 333822), (8, 616983), (2, 340389), (3, 173439), (1, 229388)]",275859.6,2758596
2023-12-10,18,"[5, 10, 0, 8, 2, 3, 1, 4]","[(5, 201540), (10, 168831), (0, 333822), (8, 616983), (2, 340389), (3, 173439), (1, 229388), (4, 152102)]",277061.75,2216494
2023-12-11,16,"[2, 3, 10, 1, 0, 4, 5]","[(2, 340389), (3, 173439), (10, 84499), (1, 229388), (0, 232312), (4, 152102), (5, 303276)]",216486.42857142858,1515405
2023-12-12,13,"[3, 10, 1, 0, 4, 5]","[(3, 173439), (10, 84499), (1, 229388), (0, 232312), (4, 152102), (5, 303276)]",195836.0,1175016
2023-12-13,9,"[1, 0, 8, 4, 5]","[(1, 229388), (0, 232312), (8, 175078), (4, 152102), (5, 303276)]",218431.2,1092156
2023-12-14,14,"[8, 7, 4, 3, 5, 0]","[(8, 175078), (7, 162672), (4, 152102), (3, 177451), (5, 303276), (0, 241582)]",202026.83333333334,1212161
2023-12-15,28,"[7, 4, 3, 6, 2, 8, 10, 5, 0, 1]","[(7, 162672), (4, 152102), (3, 177451), (6, 153716), (2, 141204), (8, 361756), (10, 160744), (5, 303276), (0, 241582), (1, 267713)]",212221.6,2122216
2023-12-16,31,"[7, 4, 3, 6, 2, 8, 10, 5, 0, 1, 9]","[(7, 162672), (4, 152102), (3, 177451), (6, 153716), (2, 141204), (8, 361756), (10, 160744), (5, 303276), (0, 241582), (1, 267713), (9, 188241)]",210041.54545454544,2310457
2023-12-17,19,"[10, 5, 0, 1, 9, 4, 6, 8]","[(10, 160744), (5, 303276), (0, 241582), (1, 267713), (9, 188241), (4, 100414), (6, 210681), (8, 223490)]",212017.625,1696141
2023-12-18,20,"[1, 9, 4, 7, 5, 3, 6, 8]","[(1, 267713), (9, 188241), (4, 100414), (7, 115845), (5, 87469), (3, 104876), (6, 210681), (8, 223490)]",162341.125,1298729
2023-12-19,22,"[9, 4, 7, 5, 10, 3, 0, 6, 8]","[(9, 188241), (4, 100414), (7, 115845), (5, 87469), (10, 78476), (3, 104876), (0, 96956), (6, 210681), (8, 223490)]",134049.77777777778,1206448
2023-12-20,21,"[10, 3, 0, 5, 6, 9, 2, 8]","[(10, 78476), (3, 104876), (0, 96956), (5, 227946), (6, 210681), (9, 85522), (2, 91174), (8, 223490)]",139890.125,1119121
2023-12-21,21,"[0, 5, 6, 9, 2, 1, 10, 8]","[(0, 96956), (5, 227946), (6, 210681), (9, 85522), (2, 91174), (1, 143342), (10, 136648), (8, 223490)]",151969.875,1215759
2023-12-22,24,"[6, 9, 2, 1, 10, 3, 5, 0, 8]","[(6, 210681), (9, 85522), (2, 91174), (1, 143342), (10, 136648), (3, 200400), (5, 174771), (0, 222208), (8, 223490)]",165359.55555555556,1488236
2023-12-23,31,"[10, 2, 3, 5, 9, 7, 4, 0, 6, 1, 8]","[(10, 136648), (2, 202686), (3, 200400), (5, 174771), (9, 199798), (7, 130420), (4, 190946), (0, 222208), (6, 95933), (1, 191085), (8, 223490)]",178944.0909090909,1968385
2023-12-24,31,"[2, 3, 5, 9, 7, 4, 0, 10, 6, 1, 8]","[(2, 202686), (3, 200400), (5, 174771), (9, 199798), (7, 130420), (4, 190946), (0, 222208), (10, 136648), (6, 95933), (1, 191085), (8, 223490)]",178944.0909090909,1968385
2023-12-25,27,"[5, 9, 7, 4, 0, 10, 6, 1, 3, 8]","[(5, 174771), (9, 199798), (7, 130420), (4, 190946), (0, 222208), (10, 136648), (6, 95933), (1, 191085), (3, 173869), (8, 223490)]",173916.8,1739168
2023-12-26,30,"[4, 0, 10, 6, 1, 2, 7, 3, 9, 8]","[(4, 190946), (0, 222208), (10, 136648), (6, 95933), (1, 191085), (2, 130792), (7, 179620), (3, 173869), (9, 155358), (8, 223490)]",169994.9,1699949
2023-12-27,32,"[1, 2, 6, 7, 5, 3, 10, 0, 4, 9, 8]","[(1, 191085), (2, 130792), (6, 141111), (7, 179620), (5, 186902), (3, 173869), (10, 325614), (0, 218638), (4, 126576), (9, 155358), (8, 223490)]",186641.36363636365,2053055
2023-12-28,38,"[7, 5, 3, 10, 0, 4, 9, 1, 6, 2, 8]","[(7, 179620), (5, 186902), (3, 173869), (10, 325614), (0, 218638), (4, 126576), (9, 155358), (1, 145545), (6, 493572), (2, 283337), (8, 223490)]",228411.0,2512521
2023-12-29,31,"[4, 9, 1, 6, 0, 10, 2, 8]","[(4, 126576), (9, 155358), (1, 145545), (6, 493572), (0, 429468), (10, 279210), (2, 283337), (8, 223490)]",267069.5,2136556
2023-12-30,40,"[6, 0, 10, 4, 1, 3, 5, 7, 2, 9, 8]","[(6, 493572), (0, 429468), (10, 279210), (4, 240607), (1, 306337), (3, 302133), (5, 325825), (7, 358961), (2, 283337), (9, 267934), (8, 223490)]",319170.36363636365,3510874
2023-12-31,40,"[0, 10, 4, 1, 3, 5, 7, 6, 2, 9, 8]","[(0, 429468), (10, 279210), (4, 240607), (1, 306337), (3, 302133), (5, 325825), (7, 358961), (6, 271959), (2, 283337), (9, 267934), (8, 223490)]",299023.7272727273,3289261
2024-01-01,38,"[4, 1, 3, 5, 7, 6, 2, 0, 9, 8]","[(4, 240607), (1, 306337), (3, 302133), (5, 325825), (7, 358961), (6, 271959), (2, 283337), (0, 212782), (9, 267934), (8, 223490)]",279336.5,2793365
2024-01-02,25,"[2, 0, 9, 6, 4, 8]","[(2, 283337), (0, 212782), (9, 267934), (6, 155116), (4, 89723), (8, 223490)]",205397.0,1232382
2024-01-03,32,"[9, 0, 6, 7, 1, 3, 5, 10, 4, 8]","[(9, 267934), (0, 151429), (6, 155116), (7, 104048), (1, 172530), (3, 155984), (5, 140263), (10, 122594), (4, 89723), (8, 223490)]",158311.1,1583111
2024-01-04,32,"[0, 6, 7, 1, 3, 5, 10, 4, 2, 8]","[(0, 151429), (6, 155116), (7, 104048), (1, 172530), (3, 155984), (5, 140263), (10, 122594), (4, 89723), (2, 97785), (8, 223490)]",141296.2,1412962
2024-01-05,32,"[1, 3, 5, 10, 4, 2, 6, 7, 9, 0, 8]","[(1, 172530), (3, 155984), (5, 140263), (10, 122594), (4, 89723), (2, 97785), (6, 82770), (7, 140162), (9, 187283), (0, 159098), (8, 223490)]",142880.18181818182,1571682
2024-01-06,22,"[2, 6, 7, 9, 3, 0, 8]","[(2, 97785), (6, 82770), (7, 140162), (9, 187283), (3, 90988), (0, 159098), (8, 223490)]",140225.14285714287,981576
2024-01-07,9,"[9, 3, 0, 8]","[(9, 187283), (3, 90988), (0, 159098), (8, 223490)]",165214.75,660859
2024-01-08,4,"[0, 8]","[(0, 159098), (8, 223490)]",191294.0,382588
2024-01-09,2,[8],"[(8, 223490)]",223490.0,223490
2024-01-10,2,[8],"[(8, 223490)]",223490.0,223490
2024-01-11,4,"[1, 8]","[(1, 146603), (8, 223490)]",185046.5,370093
2024-01-12,8,"[1, 6, 8]","[(1, 146603), (6, 115027), (8, 223490)]",161706.66666666666,485120
2024-01-13,15,"[1, 6, 8, 3, 2]","[(1, 146603), (6, 115027), (8, 223490), (3, 95140), (2, 101120)]",136276.0,681380
2024-01-14,13,"[6, 8, 3, 2]","[(6, 115027), (8, 223490), (3, 95140), (2, 101120)]",133694.25,534777
2024-01-15,15,"[8, 3, 2, 0, 6]","[(8, 223490), (3, 95140), (2, 101120), (0, 125066), (6, 49618)]",118886.8,594434
2024-01-16,6,"[0, 6]","[(0, 125066), (6, 49618)]",87342.0,174684
2024-01-17,6,"[0, 6]","[(0, 125066), (6, 49618)]",87342.0,174684
2024-01-18,6,"[1, 6]","[(1, 127092), (6, 49618)]",88355.0,176710
2024-01-19,14,"[1, 8, 3, 2, 6]","[(1, 127092), (8, 146075), (3, 130514), (2, 71113), (6, 49618)]",104882.4,524412
2024-01-20,14,"[1, 8, 3, 2, 6]","[(1, 127092), (8, 146075), (3, 130514), (2, 71113), (6, 49618)]",104882.4,524412
2024-01-21,10,"[8, 0, 6, 1]","[(8, 76468), (0, 120381), (6, 49618), (1, 73149)]",79904.0,319616
2024-01-22,12,"[8, 0, 6, 1, 9]","[(8, 76468), (0, 120381), (6, 49618), (1, 73149), (9, 82268)]",80376.8,401884
2024-01-23,14,"[0, 6, 1, 9, 4, 8]","[(0, 120381), (6, 49618), (1, 73149), (9, 82268), (4, 70016), (8, 79982)]",79235.66666666667,475414
2024-01-24,14,"[6, 1, 9, 4, 8, 0]","[(6, 49618), (1, 73149), (9, 82268), (4, 70016), (8, 79982), (0, 76320)]",71892.16666666667,431353
2024-01-25,25,"[4, 8, 6, 2, 5, 3, 1, 9, 0]","[(4, 70016), (8, 79982), (6, 84417), (2, 87440), (5, 78431), (3, 90620), (1, 258930), (9, 73279), (0, 76320)]",99937.22222222222,899435
2024-01-26,23,"[6, 2, 5, 3, 1, 9, 4, 0]","[(6, 84417), (2, 87440), (5, 78431), (3, 90620), (1, 258930), (9, 73279), (4, 57448), (0, 76320)]",100860.625,806885
2024-01-27,23,"[6, 2, 5, 3, 1, 9, 4, 0]","[(6, 84417), (2, 87440), (5, 78431), (3, 90620), (1, 258930), (9, 73279), (4, 57448), (0, 76320)]",100860.625,806885
2024-01-28,13,"[5, 3, 1, 9, 8, 4, 0]","[(5, 78431), (3, 90620), (1, 258930), (9, 73279), (8, 81738), (4, 57448), (0, 76320)]",102395.14285714286,716766
2024-01-29,13,"[1, 9, 8, 6, 4, 0]","[(1, 258930), (9, 73279), (8, 81738), (6, 50354), (4, 57448), (0, 76320)]",99678.16666666667,598069
2024-01-30,12,"[9, 8, 6, 4, 0]","[(9, 73279), (8, 81738), (6, 50354), (4, 57448), (0, 76320)]",67827.8,339139
2024-01-31,21,"[9, 8, 6, 4, 2, 5, 0, 3]","[(9, 73279), (8, 81738), (6, 50354), (4, 57448), (2, 65625), (5, 81292), (0, 76320), (3, 94680)]",72592.0,580736
2024-02-01,23,"[6, 4, 8, 2, 5, 0, 9, 1, 3]","[(6, 50354), (4, 57448), (8, 108371), (2, 65625), (5, 81292), (0, 76320), (9, 110922), (1, 105583), (3, 94680)]",83399.44444444444,750595
2024-02-02,26,"[4, 8, 2, 5, 0, 6, 9, 1, 3]","[(4, 57448), (8, 108371), (2, 65625), (5, 81292), (0, 76320), (6, 95678), (9, 110922), (1, 105583), (3, 94680)]",88435.44444444444,795919
2024-02-03,26,"[2, 5, 0, 6, 8, 9, 1, 4, 3]","[(2, 65625), (5, 81292), (0, 76320), (6, 95678), (8, 101250), (9, 110922), (1, 105583), (4, 69634), (3, 94680)]",88998.22222222222,800984
2024-02-04,17,"[6, 8, 9, 1, 4, 3]","[(6, 95678), (8, 101250), (9, 110922), (1, 105583), (4, 69634), (3, 94680)]",96291.16666666667,577747
2024-02-05,12,"[8, 9, 1, 0, 4, 3]","[(8, 101250), (9, 110922), (1, 105583), (0, 111837), (4, 69634), (3, 94680)]",98984.33333333333,593906
2024-02-06,16,"[9, 1, 0, 5, 4, 6, 3]","[(9, 110922), (1, 105583), (0, 111837), (5, 78271), (4, 69634), (6, 85570), (3, 94680)]",93785.28571428571,656497
2024-02-07,14,"[1, 0, 5, 4, 6, 3]","[(1, 105583), (0, 111837), (5, 78271), (4, 69634), (6, 85570), (3, 94680)]",90929.16666666667,545575
2024-02-08,12,"[0, 5, 4, 6, 3]","[(0, 111837), (5, 78271), (4, 69634), (6, 85570), (3, 94680)]",87998.4,439992
2024-02-09,18,"[4, 6, 1, 5, 8, 2, 3]","[(4, 69634), (6, 85570), (1, 110323), (5, 105359), (8, 128320), (2, 142896), (3, 94680)]",105254.57142857143,736782
2024-02-10,20,"[6, 1, 5, 8, 0, 2, 4, 3]","[(6, 85570), (1, 110323), (5, 105359), (8, 128320), (0, 107367), (2, 142896), (4, 94334), (3, 94680)]",108606.125,868849
2024-02-11,12,"[8, 0, 2, 4, 1, 3]","[(8, 128320), (0, 107367), (2, 142896), (4, 94334), (1, 228187), (3, 94680)]",132630.66666666666,795784
2024-02-12,15,"[2, 4, 0, 8, 6, 1, 3]","[(2, 142896), (4, 94334), (0, 117043), (8, 108984), (6, 68234), (1, 228187), (3, 94680)]",122051.14285714286,854358
2024-02-13,10,"[0, 8, 6, 1, 3]","[(0, 117043), (8, 108984), (6, 68234), (1, 228187), (3, 94680)]",123425.6,617128
2024-02-14,10,"[0, 8, 6, 1, 3]","[(0, 117043), (8, 108984), (6, 68234), (1, 228187), (3, 94680)]",123425.6,617128
2024-02-15,19,"[1, 6, 8, 9, 2, 3]","[(1, 228187), (6, 106084), (8, 188259), (9, 144336), (2, 94490), (3, 94680)]",142672.66666666666,856036
2024-02-16,26,"[6, 8, 9, 1, 0, 2, 5, 3]","[(6, 106084), (8, 188259), (9, 144336), (1, 103864), (0, 145023), (2, 94490), (5, 106382), (3, 94680)]",122889.75,983118
2024-02-17,26,"[6, 8, 9, 1, 0, 2, 5, 3]","[(6, 106084), (8, 188259), (9, 144336), (1, 103864), (0, 145023), (2, 94490), (5, 106382), (3, 94680)]",122889.75,983118
2024-02-18,11,"[2, 5, 0, 8, 3]","[(2, 94490), (5, 106382), (0, 175522), (8, 104940), (3, 94680)]",115202.8,576014
2024-02-19,13,"[0, 8, 2, 6, 9, 3]","[(0, 175522), (8, 104940), (2, 75148), (6, 92921), (9, 253944), (3, 94680)]",132859.16666666666,797155
2024-02-20,19,"[0, 8, 1, 2, 6, 5, 9, 4, 3]","[(0, 175522), (8, 104940), (1, 128562), (2, 75148), (6, 92921), (5, 90318), (9, 253944), (4, 92910), (3, 94680)]",123216.11111111111,1108945
2024-02-21,18,"[8, 1, 2, 6, 5, 9, 4, 3]","[(8, 104940), (1, 128562), (2, 75148), (6, 92921), (5, 90318), (9, 253944), (4, 92910), (3, 94680)]",116677.875,933423
2024-02-22,21,"[6, 5, 9, 8, 1, 2, 4, 3]","[(6, 92921), (5, 90318), (9, 253944), (8, 124452), (1, 144095), (2, 57991), (4, 92910), (3, 94680)]",118913.875,951311
2024-02-23,24,"[9, 6, 8, 5, 0, 1, 2, 4, 3]","[(9, 253944), (6, 122973), (8, 124452), (5, 126460), (0, 156086), (1, 144095), (2, 57991), (4, 92910), (3, 94680)]",130399.0,1173591
2024-02-24,25,"[6, 8, 5, 0, 1, 2, 9, 4, 3]","[(6, 122973), (8, 124452), (5, 126460), (0, 156086), (1, 144095), (2, 57991), (9, 109570), (4, 92910), (3, 94680)]",114357.44444444444,1029217
2024-02-25,20,"[5, 0, 1, 2, 9, 4, 8, 3]","[(5, 126460), (0, 156086), (1, 144095), (2, 57991), (9, 109570), (4, 92910), (8, 102356), (3, 94680)]",110518.5,884148
2024-02-26,19,"[2, 9, 0, 6, 4, 8, 3]","[(2, 57991), (9, 109570), (0, 85243), (6, 76905), (4, 92910), (8, 102356), (3, 94680)]",88522.14285714286,619655
2024-02-27,11,"[0, 6, 4, 8, 3]","[(0, 85243), (6, 76905), (4, 92910), (8, 102356), (3, 94680)]",90418.8,452094
2024-02-28,13,"[0, 6, 4, 8, 5, 3]","[(0, 85243), (6, 76905), (4, 92910), (8, 102356), (5, 102505), (3, 94680)]",92433.16666666667,554599
2024-02-29,19,"[4, 6, 8, 9, 5, 0, 3]","[(4, 92910), (6, 132385), (8, 102356), (9, 103951), (5, 102505), (0, 123168), (3, 94680)]",107422.14285714286,751955
2024-03-01,24,"[4, 6, 2, 8, 9, 5, 0, 3]","[(4, 92910), (6, 132385), (2, 104151), (8, 102356), (9, 103951), (5, 102505), (0, 123168), (3, 94680)]",107013.25,856106
2024-03-02,22,"[6, 2, 8, 9, 5, 0, 3]","[(6, 132385), (2, 104151), (8, 102356), (9, 103951), (5, 102505), (0, 123168), (3, 94680)]",109028.0,763196
2024-03-03,16,"[2, 8, 9, 5, 0, 3]","[(2, 104151), (8, 102356), (9, 103951), (5, 102505), (0, 123168), (3, 94680)]",105135.16666666667,630811
2024-03-04,7,"[5, 0, 8, 3]","[(5, 102505), (0, 123168), (8, 257346), (3, 94680)]",144424.75,577699
2024-03-05,5,"[8, 1, 3]","[(8, 257346), (1, 126704), (3, 94680)]",159576.66666666666,478730
2024-03-06,8,"[4, 8, 1, 3]","[(4, 109067), (8, 141958), (1, 126704), (3, 94680)]",118102.25,472409
2024-03-07,17,"[4, 2, 0, 5, 8, 1, 3]","[(4, 109067), (2, 115291), (0, 133772), (5, 135084), (8, 141958), (1, 126704), (3, 94680)]",122365.14285714286,856556
2024-03-08,19,"[4, 2, 0, 5, 8, 1, 9, 3]","[(4, 109067), (2, 115291), (0, 133772), (5, 135084), (8, 141958), (1, 126704), (9, 166460), (3, 94680)]",127877.0,1023016
2024-03-09,23,"[2, 0, 5, 8, 4, 1, 9, 3, 6]","[(2, 115291), (0, 133772), (5, 135084), (8, 141958), (4, 114964), (1, 126704), (9, 166460), (3, 94680), (6, 90704)]",124401.88888888889,1119617
2024-03-10,16,"[5, 8, 4, 1, 9, 3, 6]","[(5, 135084), (8, 141958), (4, 114964), (1, 126704), (9, 166460), (3, 94680), (6, 90704)]",124364.85714285714,870554
2024-03-11,13,"[1, 9, 3, 6, 8, 0]","[(1, 126704), (9, 166460), (3, 94680), (6, 90704), (8, 187738), (0, 115091)]",130229.5,781377
2024-03-12,9,"[3, 6, 8, 0]","[(3, 94680), (6, 90704), (8, 187738), (0, 115091)]",122053.25,488213
2024-03-13,10,"[0, 6, 5, 8, 1]","[(0, 115091), (6, 129286), (5, 109483), (8, 160046), (1, 148765)]",132534.2,662671
2024-03-14,13,"[6, 9, 5, 8, 1, 0, 4]","[(6, 129286), (9, 155306), (5, 109483), (8, 160046), (1, 148765), (0, 317376), (4, 98476)]",159819.7142857143,1118738
2024-03-15,24,"[9, 5, 8, 1, 6, 0, 2, 4]","[(9, 155306), (5, 109483), (8, 160046), (1, 148765), (6, 125520), (0, 317376), (2, 114515), (4, 98476)]",153685.875,1229487
2024-03-16,23,"[5, 8, 1, 6, 0, 2, 4, 9]","[(5, 109483), (8, 160046), (1, 148765), (6, 125520), (0, 317376), (2, 114515), (4, 98476), (9, 336517)]",176337.25,1410698
2024-03-17,21,"[6, 0, 2, 4, 5, 8, 1, 9]","[(6, 125520), (0, 317376), (2, 114515), (4, 98476), (5, 86885), (8, 187032), (1, 185082), (9, 336517)]",181425.375,1451403
2024-03-18,15,"[2, 4, 5, 8, 0, 1, 9]","[(2, 114515), (4, 98476), (5, 86885), (8, 187032), (0, 117043), (1, 185082), (9, 336517)]",160792.85714285713,1125550
2024-03-19,13,"[5, 8, 0, 1, 4, 9, 6]","[(5, 86885), (8, 187032), (0, 117043), (1, 185082), (4, 82175), (9, 336517), (6, 169352)]",166298.0,1164086
2024-03-20,14,"[0, 1, 4, 9, 8, 6, 5]","[(0, 117043), (1, 185082), (4, 82175), (9, 336517), (8, 216206), (6, 169352), (5, 119428)]",175114.7142857143,1225803
2024-03-21,15,"[4, 9, 1, 0, 8, 6, 5]","[(4, 82175), (9, 336517), (1, 217490), (0, 134612), (8, 216206), (6, 169352), (5, 119428)]",182254.2857142857,1275780
2024-03-22,16,"[4, 9, 1, 0, 8, 6, 5]","[(4, 122482), (9, 336517), (1, 217490), (0, 134612), (8, 216206), (6, 169352), (5, 119428)]",188012.42857142858,1316087
2024-03-23,16,"[9, 1, 0, 8, 6, 5, 3]","[(9, 336517), (1, 217490), (0, 134612), (8, 216206), (6, 169352), (5, 119428), (3, 114859)]",186923.42857142858,1308464
2024-03-24,13,"[8, 6, 5, 3, 7]","[(8, 216206), (6, 169352), (5, 119428), (3, 114859), (7, 136314)]",151231.8,756159
2024-03-25,21,"[5, 2, 0, 3, 6, 7, 9]","[(5, 101925), (2, 77248), (0, 279805), (3, 81878), (6, 73642), (7, 136314), (9, 148164)]",128425.14285714286,898976
2024-03-26,21,"[5, 2, 0, 3, 6, 7, 9]","[(5, 101925), (2, 77248), (0, 279805), (3, 81878), (6, 73642), (7, 136314), (9, 148164)]",128425.14285714286,898976
2024-03-27,21,"[2, 0, 3, 6, 7, 9, 5]","[(2, 77248), (0, 279805), (3, 81878), (6, 73642), (7, 136314), (9, 148164), (5, 203920)]",142995.85714285713,1000971
2024-03-28,28,"[7, 2, 9, 5, 0, 8, 6, 3]","[(7, 136314), (2, 194575), (9, 148164), (5, 203920), (0, 280456), (8, 232730), (6, 277676), (3, 158808)]",204080.375,1632643
2024-03-29,39,"[2, 9, 5, 0, 8, 6, 7, 1, 4, 11, 3, 12]","[(2, 194575), (9, 148164), (5, 203920), (0, 280456), (8, 232730), (6, 277676), (7, 278131), (1, 232671), (4, 187193), (11, 239193), (3, 158808), (12, 356166)]",232473.58333333334,2789683
2024-03-30,39,"[2, 9, 5, 0, 8, 6, 7, 1, 4, 11, 3, 12]","[(2, 194575), (9, 148164), (5, 203920), (0, 280456), (8, 232730), (6, 277676), (7, 278131), (1, 232671), (4, 187193), (11, 239193), (3, 158808), (12, 356166)]",232473.58333333334,2789683
2024-03-31,26,"[6, 7, 1, 4, 11, 3, 0, 12, 9]","[(6, 277676), (7, 278131), (1, 232671), (4, 187193), (11, 239193), (3, 158808), (0, 136649), (12, 356166), (9, 109319)]",219534.0,1975806
2024-04-01,15,"[3, 0, 12, 1, 9, 4, 8]","[(3, 158808), (0, 136649), (12, 356166), (1, 116737), (9, 109319), (4, 164350), (8, 213818)]",179406.7142857143,1255847
2024-04-02,11,"[12, 1, 9, 4, 0, 8]","[(12, 356166), (1, 116737), (9, 109319), (4, 164350), (0, 149479), (8, 213818)]",184978.16666666666,1109869
2024-04-03,17,"[9, 4, 3, 1, 0, 11, 8]","[(9, 109319), (4, 164350), (3, 138015), (1, 237196), (0, 149479), (11, 144767), (8, 213818)]",165277.7142857143,1156944
2024-04-04,21,"[3, 1, 0, 11, 9, 8, 4, 12]","[(3, 138015), (1, 237196), (0, 149479), (11, 144767), (9, 159137), (8, 213818), (4, 136947), (12, 240836)]",177524.375,1420195
2024-04-05,21,"[3, 1, 0, 11, 9, 8, 4, 12]","[(3, 138015), (1, 237196), (0, 149479), (11, 144767), (9, 159137), (8, 213818), (4, 136947), (12, 240836)]",177524.375,1420195
2024-04-06,23,"[9, 8, 0, 11, 1, 4, 3, 12, 5]","[(9, 159137), (8, 213818), (0, 148362), (11, 95236), (1, 198038), (4, 136947), (3, 166842), (12, 240836), (5, 131475)]",165632.33333333334,1490691
2024-04-07,18,"[8, 0, 11, 1, 4, 3, 12, 5]","[(8, 213818), (0, 148362), (11, 95236), (1, 198038), (4, 136947), (3, 166842), (12, 240836), (5, 131475)]",166444.25,1331554
2024-04-08,13,"[1, 4, 3, 12, 5, 8, 0]","[(1, 198038), (4, 136947), (3, 166842), (12, 240836), (5, 131475), (8, 174548), (0, 247201)]",185126.7142857143,1295887
2024-04-09,13,"[3, 12, 5, 8, 1, 7, 0]","[(3, 166842), (12, 240836), (5, 131475), (8, 174548), (1, 237448), (7, 164982), (0, 247201)]",194761.7142857143,1363332
2024-04-10,13,"[5, 8, 12, 1, 3, 7, 0]","[(5, 131475), (8, 174548), (12, 178592), (1, 237448), (3, 154819), (7, 164982), (0, 247201)]",184152.14285714287,1289065
2024-04-11,20,"[8, 12, 1, 3, 7, 0, 4, 2]","[(8, 174548), (12, 178592), (1, 237448), (3, 154819), (7, 164982), (0, 247201), (4, 118036), (2, 187125)]",182843.875,1462751
2024-04-12,33,"[1, 3, 7, 0, 4, 8, 5, 12, 2, 9, 6, 11]","[(1, 237448), (3, 154819), (7, 164982), (0, 247201), (4, 118036), (8, 262087), (5, 144091), (12, 130681), (2, 187125), (9, 113781), (6, 180126), (11, 113000)]",171114.75,2053377
2024-04-13,33,"[4, 8, 5, 12, 2, 9, 3, 6, 7, 1, 0, 11]","[(4, 118036), (8, 262087), (5, 144091), (12, 130681), (2, 187125), (9, 113781), (3, 73232), (6, 180126), (7, 103574), (1, 217244), (0, 203346), (11, 113000)]",153860.25,1846323
2024-04-14,30,"[2, 9, 3, 6, 7, 1, 5, 12, 8, 0, 11]","[(2, 187125), (9, 113781), (3, 73232), (6, 180126), (7, 103574), (1, 217244), (5, 78271), (12, 118550), (8, 106391), (0, 203346), (11, 113000)]",135876.36363636365,1494640
2024-04-15,20,"[6, 7, 1, 5, 12, 8, 0, 4, 11]","[(6, 180126), (7, 103574), (1, 217244), (5, 78271), (12, 118550), (8, 106391), (0, 203346), (4, 90509), (11, 113000)]",134556.77777777778,1211011
2024-04-16,17,"[1, 5, 12, 8, 0, 4, 9, 11]","[(1, 217244), (5, 78271), (12, 118550), (8, 106391), (0, 203346), (4, 90509), (9, 164332), (11, 113000)]",136455.375,1091643
2024-04-17,16,"[12, 8, 0, 4, 9, 3, 11]","[(12, 118550), (8, 106391), (0, 203346), (4, 90509), (9, 164332), (3, 244372), (11, 113000)]",148642.85714285713,1040500
2024-04-18,26,"[0, 4, 1, 9, 5, 8, 6, 7, 3, 11]","[(0, 203346), (4, 90509), (1, 204090), (9, 164332), (5, 136773), (8, 245744), (6, 126825), (7, 116309), (3, 244372), (11, 113000)]",164530.0,1645300
2024-04-19,31,"[1, 9, 5, 8, 6, 2, 7, 0, 3, 11]","[(1, 204090), (9, 164332), (5, 136773), (8, 245744), (6, 126825), (2, 113353), (7, 116309), (0, 127278), (3, 244372), (11, 113000)]",159207.6,1592076
2024-04-20,32,"[6, 2, 7, 0, 3, 11, 8, 1, 12, 9, 4]","[(6, 126825), (2, 113353), (7, 116309), (0, 127278), (3, 244372), (11, 113000), (8, 103056), (1, 134194), (12, 128301), (9, 142826), (4, 100130)]",131785.81818181818,1449644
2024-04-21,16,"[3, 11, 8, 1, 12, 9, 4]","[(3, 244372), (11, 113000), (8, 103056), (1, 134194), (12, 128301), (9, 142826), (4, 100130)]",137982.7142857143,965879
2024-04-22,13,"[8, 1, 5, 12, 9, 4, 0]","[(8, 103056), (1, 134194), (5, 168589), (12, 128301), (9, 142826), (4, 100130), (0, 95308)]",124629.14285714286,872404
2024-04-23,13,"[8, 1, 5, 12, 9, 4, 0]","[(8, 103056), (1, 134194), (5, 168589), (12, 128301), (9, 142826), (4, 100130), (0, 95308)]",124629.14285714286,872404
2024-04-24,13,"[1, 5, 12, 9, 4, 0, 7]","[(1, 134194), (5, 168589), (12, 128301), (9, 142826), (4, 100130), (0, 95308), (7, 167453)]",133828.7142857143,936801
2024-04-25,20,"[12, 9, 4, 0, 3, 11, 1, 7]","[(12, 128301), (9, 142826), (4, 100130), (0, 95308), (3, 153493), (11, 207099), (1, 150488), (7, 167453)]",143137.25,1145098
2024-04-26,37,"[8, 3, 9, 11, 0, 6, 2, 1, 5, 7]","[(8, 176138), (3, 153493), (9, 152032), (11, 207099), (0, 218638), (6, 226322), (2, 155942), (1, 150488), (5, 152282), (7, 167453)]",175988.7,1759887
2024-04-27,42,"[3, 9, 11, 0, 6, 2, 1, 12, 5, 7, 8, 4]","[(3, 153493), (9, 152032), (11, 207099), (0, 218638), (6, 226322), (2, 155942), (1, 150488), (12, 163198), (5, 152282), (7, 167453), (8, 197750), (4, 120880)]",172131.41666666666,2065577
2024-04-28,29,"[6, 2, 1, 12, 5, 7, 8, 4]","[(6, 226322), (2, 155942), (1, 150488), (12, 163198), (5, 152282), (7, 167453), (8, 197750), (4, 120880)]",166789.375,1334315
2024-04-29,28,"[8, 1, 12, 5, 9, 6, 2, 7, 0, 4]","[(8, 197750), (1, 118452), (12, 134418), (5, 90318), (9, 95250), (6, 79258), (2, 105624), (7, 141924), (0, 110946), (4, 120880)]",119482.0,1194820
2024-04-30,28,"[8, 1, 12, 5, 9, 6, 2, 7, 0, 4]","[(8, 197750), (1, 118452), (12, 134418), (5, 90318), (9, 95250), (6, 79258), (2, 105624), (7, 141924), (0, 110946), (4, 120880)]",119482.0,1194820
2024-05-01,29,"[12, 5, 9, 6, 2, 7, 0, 1, 4, 3]","[(12, 134418), (5, 90318), (9, 95250), (6, 79258), (2, 105624), (7, 141924), (0, 110946), (1, 304201), (4, 120880), (3, 221129)]",140394.8,1403948
2024-05-02,39,"[7, 0, 1, 4, 3, 12, 9, 11, 5, 2, 6, 8]","[(7, 141924), (0, 110946), (1, 304201), (4, 120880), (3, 221129), (12, 173832), (9, 483820), (11, 307095), (5, 266732), (2, 143509), (6, 195173), (8, 795742)]",272081.9166666667,3264983
2024-05-03,36,"[1, 4, 3, 12, 9, 11, 5, 2, 0, 6, 8, 7]","[(1, 304201), (4, 120880), (3, 221129), (12, 173832), (9, 483820), (11, 307095), (5, 266732), (2, 143509), (0, 413733), (6, 195173), (8, 795742), (7, 269518)]",307947.0,3695364
2024-05-04,37,"[12, 9, 11, 5, 2, 0, 6, 8, 4, 1, 7, 3]","[(12, 173832), (9, 483820), (11, 307095), (5, 266732), (2, 143509), (0, 413733), (6, 195173), (8, 795742), (4, 94991), (1, 168692), (7, 269518), (3, 116201)]",285753.1666666667,3429038
2024-05-05,19,"[6, 8, 4, 1, 7, 3]","[(6, 195173), (8, 795742), (4, 94991), (1, 168692), (7, 269518), (3, 116201)]",273386.1666666667,1640317
2024-05-06,10,"[7, 12, 3, 4, 8]","[(7, 269518), (12, 95208), (3, 116201), (4, 137166), (8, 785012)]",280621.0,1403105
2024-05-07,14,"[12, 3, 7, 9, 4, 0, 8]","[(12, 95208), (3, 116201), (7, 127892), (9, 134418), (4, 137166), (0, 221030), (8, 785012)]",230989.57142857142,1616927
2024-05-08,26,"[3, 7, 9, 4, 0, 2, 1, 12, 5, 8]","[(3, 116201), (7, 127892), (9, 134418), (4, 137166), (0, 221030), (2, 216285), (1, 524379), (12, 310694), (5, 337947), (8, 785012)]",291102.4,2911024
2024-05-09,34,"[3, 7, 9, 4, 0, 2, 1, 12, 5, 6, 8]","[(3, 116201), (7, 127892), (9, 134418), (4, 137166), (0, 221030), (2, 216285), (1, 524379), (12, 310694), (5, 337947), (6, 234952), (8, 785012)]",285997.8181818182,3145976
2024-05-10,39,"[3, 4, 0, 2, 1, 12, 5, 6, 8, 9, 11]","[(3, 188028), (4, 137166), (0, 221030), (2, 216285), (1, 524379), (12, 310694), (5, 337947), (6, 234952), (8, 785012), (9, 282222), (11, 430792)]",333500.63636363635,3668507
2024-05-11,40,"[3, 2, 1, 12, 5, 0, 6, 8, 9, 7, 4, 11]","[(3, 188028), (2, 216285), (1, 524379), (12, 310694), (5, 337947), (0, 603987), (6, 234952), (8, 785012), (9, 282222), (7, 273911), (4, 296922), (11, 430792)]",373760.9166666667,4485131
2024-05-12,35,"[3, 6, 8, 9, 7, 2, 4, 5, 12, 11, 1]","[(3, 188028), (6, 234952), (8, 785012), (9, 282222), (7, 273911), (2, 80065), (4, 296922), (5, 108390), (12, 93032), (11, 430792), (1, 132047)]",264124.8181818182,2905373
2024-05-13,22,"[0, 3, 2, 4, 5, 12, 11, 1]","[(0, 126238), (3, 188028), (2, 80065), (4, 296922), (5, 108390), (12, 93032), (11, 430792), (1, 132047)]",181939.25,1455514
2024-05-14,27,"[0, 8, 9, 6, 3, 4, 5, 12, 11, 1]","[(0, 126238), (8, 252066), (9, 92029), (6, 83737), (3, 188028), (4, 296922), (5, 108390), (12, 93032), (11, 430792), (1, 132047)]",180328.1,1803281
2024-05-15,26,"[0, 5, 8, 9, 6, 4, 3, 12, 11, 1]","[(0, 126238), (5, 243904), (8, 252066), (9, 92029), (6, 83737), (4, 416719), (3, 188028), (12, 190968), (11, 430792), (1, 132047)]",215652.8,2156528
2024-05-16,28,"[5, 8, 9, 6, 2, 4, 7, 3, 12]","[(5, 243904), (8, 252066), (9, 92029), (6, 83737), (2, 206368), (4, 416719), (7, 244090), (3, 188028), (12, 190968)]",213101.0,1917909
2024-05-17,38,"[2, 4, 8, 7, 6, 1, 11, 0, 9, 3, 12]","[(2, 206368), (4, 416719), (8, 175078), (7, 244090), (6, 249314), (1, 244204), (11, 209683), (0, 476149), (9, 185020), (3, 188028), (12, 190968)]",253238.27272727274,2785621
2024-05-18,40,"[2, 4, 8, 7, 6, 1, 11, 5, 0, 9, 3, 12]","[(2, 206368), (4, 416719), (8, 175078), (7, 244090), (6, 249314), (1, 244204), (11, 209683), (5, 207340), (0, 476149), (9, 185020), (3, 188028), (12, 190968)]",249413.41666666666,2992961
2024-05-19,37,"[7, 6, 1, 11, 5, 0, 8, 9, 3, 2, 12, 4]","[(7, 244090), (6, 249314), (1, 244204), (11, 209683), (5, 207340), (0, 476149), (8, 302691), (9, 185020), (3, 188028), (2, 122493), (12, 190968), (4, 133187)]",229430.58333333334,2753167
2024-05-20,18,"[8, 9, 3, 2, 12, 4, 1, 7]","[(8, 302691), (9, 185020), (3, 188028), (2, 122493), (12, 190968), (4, 133187), (1, 190150), (7, 450935)]",220434.0,1763472
2024-05-21,18,"[3, 2, 12, 4, 1, 8, 9, 7]","[(3, 188028), (2, 122493), (12, 190968), (4, 133187), (1, 190150), (8, 299177), (9, 229298), (7, 450935)]",225529.5,1804236
2024-05-22,15,"[12, 4, 1, 2, 8, 9, 7]","[(12, 190968), (4, 133187), (1, 190150), (2, 82750), (8, 299177), (9, 229298), (7, 450935)]",225209.2857142857,1576465
2024-05-23,20,"[1, 2, 8, 9, 5, 6, 0, 12, 7]","[(1, 190150), (2, 82750), (8, 299177), (9, 229298), (5, 350465), (6, 220036), (0, 214734), (12, 383598), (7, 450935)]",269015.8888888889,2421143
2024-05-24,22,"[9, 5, 6, 0, 8, 3, 12, 4, 2, 7]","[(9, 229298), (5, 350465), (6, 220036), (0, 214734), (8, 337848), (3, 248403), (12, 383598), (4, 174102), (2, 403960), (7, 450935)]",301337.9,3013379
2024-05-25,27,"[9, 5, 6, 0, 8, 3, 12, 4, 2, 11, 1, 7]","[(9, 229298), (5, 350465), (6, 220036), (0, 214734), (8, 337848), (3, 248403), (12, 383598), (4, 174102), (2, 403960), (11, 169444), (1, 153226), (7, 450935)]",278004.0833333333,3336049
2024-05-26,24,"[0, 8, 3, 12, 5, 4, 2, 11, 6, 1, 7]","[(0, 214734), (8, 337848), (3, 248403), (12, 383598), (5, 141501), (4, 174102), (2, 403960), (11, 169444), (6, 70686), (1, 153226), (7, 450935)]",249857.9090909091,2748437
2024-05-27,26,"[3, 12, 5, 4, 2, 11, 9, 6, 1, 0, 7]","[(3, 248403), (12, 383598), (5, 141501), (4, 174102), (2, 403960), (11, 169444), (9, 122333), (6, 70686), (1, 153226), (0, 238159), (7, 450935)]",232395.18181818182,2556347
2024-05-28,30,"[2, 11, 9, 6, 5, 1, 0, 8, 4, 3, 7]","[(2, 403960), (11, 169444), (9, 122333), (6, 70686), (5, 141501), (1, 153226), (0, 238159), (8, 374668), (4, 95887), (3, 144485), (7, 450935)]",215025.81818181818,2365284
2024-05-29,25,"[5, 12, 1, 0, 8, 4, 6, 3, 7]","[(5, 141501), (12, 142505), (1, 153226), (0, 238159), (8, 374668), (4, 95887), (6, 285122), (3, 144485), (7, 450935)]",225165.33333333334,2026488
2024-05-30,37,"[12, 1, 0, 8, 4, 11, 6, 2, 9, 3, 5, 7]","[(12, 142505), (1, 153226), (0, 238159), (8, 374668), (4, 95887), (11, 177936), (6, 285122), (2, 195026), (9, 262130), (3, 144485), (5, 329109), (7, 450935)]",237432.33333333334,2849188
2024-05-31,37,"[8, 4, 11, 12, 1, 6, 2, 9, 3, 5, 0, 7]","[(8, 374668), (4, 95887), (11, 177936), (12, 190416), (1, 173525), (6, 285122), (2, 195026), (9, 262130), (3, 144485), (5, 329109), (0, 172815), (7, 450935)]",237671.16666666666,2852054
2024-06-01,33,"[6, 2, 9, 3, 8, 11, 5, 0, 12, 4, 1, 7]","[(6, 285122), (2, 195026), (9, 262130), (3, 144485), (8, 280548), (11, 265991), (5, 329109), (0, 172815), (12, 154125), (4, 97771), (1, 182016), (7, 450935)]",235006.08333333334,2820073
2024-06-02,22,"[5, 0, 12, 4, 1, 7, 8, 6, 9, 2]","[(5, 329109), (0, 172815), (12, 154125), (4, 97771), (1, 182016), (7, 450935), (8, 422216), (6, 113955), (9, 124434), (2, 67505)]",211488.1,2114881
2024-06-03,21,"[12, 4, 1, 7, 8, 6, 9, 2, 0]","[(12, 154125), (4, 97771), (1, 182016), (7, 450935), (8, 422216), (6, 113955), (9, 124434), (2, 67505), (0, 120381)]",192593.11111111112,1733338
2024-06-04,16,"[7, 8, 6, 9, 2, 0, 5, 4]","[(7, 450935), (8, 422216), (6, 113955), (9, 124434), (2, 67505), (0, 120381), (5, 197864), (4, 153995)]",206410.625,1651285
2024-06-05,19,"[7, 9, 2, 0, 5, 4, 8, 12, 3]","[(7, 450935), (9, 124434), (2, 67505), (0, 120381), (5, 197864), (4, 153995), (8, 111271), (12, 219174), (3, 78687)]",169360.66666666666,1524246
2024-06-06,25,"[7, 2, 5, 4, 8, 12, 3, 1, 9, 6]","[(7, 450935), (2, 67505), (5, 197864), (4, 153995), (8, 111271), (12, 219174), (3, 78687), (1, 191496), (9, 153877), (6, 202352)]",182715.6,1827156
2024-06-07,30,"[7, 4, 12, 3, 1, 9, 6, 2, 11, 0, 5, 8]","[(7, 450935), (4, 153995), (12, 219174), (3, 78687), (1, 191496), (9, 153877), (6, 202352), (2, 242361), (11, 178182), (0, 197164), (5, 141113), (8, 193706)]",200253.5,2403042
2024-06-08,30,"[7, 12, 3, 9, 6, 2, 11, 0, 5, 8, 4]","[(7, 450935), (12, 98945), (3, 78687), (9, 153877), (6, 202352), (2, 242361), (11, 178182), (0, 197164), (5, 141113), (8, 193706), (4, 169134)]",191496.0,2106456
2024-06-09,30,"[7, 12, 9, 1, 3, 6, 2, 11, 0, 5, 8]","[(7, 450935), (12, 98945), (9, 151813), (1, 209990), (3, 78687), (6, 202352), (2, 242361), (11, 178182), (0, 197164), (5, 141113), (8, 193706)]",195022.54545454544,2145248
2024-06-10,23,"[7, 12, 9, 1, 2, 3, 0, 5, 8]","[(7, 450935), (12, 98945), (9, 151813), (1, 209990), (2, 96728), (3, 78687), (0, 197164), (5, 141113), (8, 193706)]",179897.88888888888,1619081
2024-06-11,22,"[7, 9, 1, 2, 3, 6, 4, 5, 8]","[(7, 450935), (9, 151813), (1, 209990), (2, 96728), (3, 129621), (6, 183082), (4, 223483), (5, 141113), (8, 193706)]",197830.11111111112,1780471
2024-06-12,28,"[7, 9, 1, 2, 3, 6, 4, 12, 11, 5, 0, 8]","[(7, 450935), (9, 151813), (1, 209990), (2, 96728), (3, 129621), (6, 183082), (4, 223483), (12, 158066), (11, 187348), (5, 133884), (0, 182198), (8, 193706)]",191737.83333333334,2300854
2024-06-13,26,"[7, 9, 1, 2, 3, 6, 4, 12, 11, 5, 0]","[(7, 450935), (9, 151813), (1, 209990), (2, 96728), (3, 129621), (6, 183082), (4, 223483), (12, 158066), (11, 187348), (5, 133884), (0, 182198)]",191558.9090909091,2107148
2024-06-14,30,"[7, 9, 1, 6, 4, 12, 11, 5, 0, 2, 3, 8]","[(7, 450935), (9, 151813), (1, 209990), (6, 183082), (4, 223483), (12, 158066), (11, 187348), (5, 133884), (0, 182198), (2, 143007), (3, 120976), (8, 212252)]",196419.5,2357034
2024-06-15,33,"[1, 4, 11, 5, 0, 2, 3, 8, 12, 9, 6, 7]","[(1, 209990), (4, 223483), (11, 187348), (5, 133884), (0, 182198), (2, 143007), (3, 120976), (8, 212252), (12, 154943), (9, 95710), (6, 109114), (7, 134770)]",158972.91666666666,1907675
2024-06-16,21,"[1, 5, 0, 8, 9, 6, 7, 3]","[(1, 209990), (5, 133884), (0, 182198), (8, 212252), (9, 95710), (6, 109114), (7, 134770), (3, 161432)]",154918.75,1239350
2024-06-17,16,"[1, 0, 8, 6, 7, 3, 9]","[(1, 209990), (0, 182198), (8, 212252), (6, 109114), (7, 134770), (3, 161432), (9, 215170)]",174989.42857142858,1224926
2024-06-18,18,"[1, 7, 3, 9, 2, 12, 6, 8]","[(1, 209990), (7, 134770), (3, 161432), (9, 215170), (2, 236709), (12, 142505), (6, 88422), (8, 132186)]",165148.0,1321184
2024-06-19,26,"[1, 7, 3, 9, 12, 6, 8, 5, 4, 2]","[(1, 209990), (7, 134770), (3, 161432), (9, 215170), (12, 142505), (6, 88422), (8, 132186), (5, 145625), (4, 157505), (2, 97458)]",148506.3,1485063
2024-06-20,29,"[1, 3, 9, 6, 8, 5, 4, 2, 7, 11, 12]","[(1, 209990), (3, 161432), (9, 215170), (6, 88422), (8, 132186), (5, 145625), (4, 157505), (2, 97458), (7, 175226), (11, 208022), (12, 124524)]",155960.0,1715560
2024-06-21,30,"[1, 3, 9, 5, 4, 2, 7, 11, 12, 6, 8, 0]","[(1, 209990), (3, 161432), (9, 215170), (5, 145625), (4, 157505), (2, 97458), (7, 175226), (11, 208022), (12, 124524), (6, 194841), (8, 449993), (0, 182524)]",193525.83333333334,2322310
2024-06-22,30,"[1, 3, 9, 5, 4, 2, 7, 11, 12, 6, 8, 0]","[(1, 209990), (3, 161432), (9, 215170), (5, 145625), (4, 157505), (2, 97458), (7, 175226), (11, 208022), (12, 124524), (6, 194841), (8, 449993), (0, 182524)]",193525.83333333334,2322310
2024-06-23,17,"[1, 3, 6, 8, 0, 2, 9]","[(1, 209990), (3, 161432), (6, 194841), (8, 449993), (0, 182524), (2, 77081), (9, 131071)]",200990.2857142857,1406932
2024-06-24,17,"[1, 3, 0, 2, 9, 5, 4, 12]","[(1, 209990), (3, 161432), (0, 182524), (2, 77081), (9, 131071), (5, 84294), (4, 181373), (12, 130374)]",144767.375,1158139
2024-06-25,17,"[1, 5, 4, 12, 8, 11, 2, 6]","[(1, 209990), (5, 84294), (4, 181373), (12, 130374), (8, 396560), (11, 295492), (2, 224457), (6, 136403)]",207367.875,1658943
2024-06-26,18,"[1, 5, 4, 12, 8, 11, 2, 6, 0]","[(1, 209990), (5, 84294), (4, 181373), (12, 130374), (8, 396560), (11, 295492), (2, 224457), (6, 136403), (0, 273298)]",214693.44444444444,1932241
2024-06-27,24,"[1, 12, 11, 2, 6, 0, 9, 8, 7, 3]","[(1, 209990), (12, 130374), (11, 295492), (2, 224457), (6, 136403), (0, 273298), (9, 123625), (8, 244155), (7, 325714), (3, 153471)]",211697.9,2116979
2024-06-28,28,"[1, 2, 6, 9, 8, 7, 3, 11, 5]","[(1, 209990), (2, 224457), (6, 136403), (9, 123625), (8, 244155), (7, 325714), (3, 153471), (11, 114339), (5, 96523)]",180964.11111111112,1628677
2024-06-29,32,"[6, 9, 8, 7, 3, 11, 5, 2, 1, 0, 4]","[(6, 136403), (9, 123625), (8, 244155), (7, 325714), (3, 153471), (11, 114339), (5, 96523), (2, 106920), (1, 233255), (0, 276323), (4, 98230)]",173541.63636363635,1908958
2024-06-30,24,"[8, 7, 3, 5, 2, 1, 0, 4, 6, 9, 12]","[(8, 244155), (7, 325714), (3, 153471), (5, 96523), (2, 106920), (1, 233255), (0, 276323), (4, 98230), (6, 182496), (9, 152991), (12, 132114)]",182017.45454545456,2002192
2024-07-01,25,"[7, 3, 1, 0, 4, 6, 9, 12, 8, 2, 5]","[(7, 325714), (3, 153471), (1, 233255), (0, 276323), (4, 98230), (6, 182496), (9, 152991), (12, 132114), (8, 140274), (2, 125304), (5, 152160)]",179302.9090909091,1972332
2024-07-02,28,"[3, 0, 4, 9, 12, 8, 2, 5, 6, 7, 11]","[(3, 153471), (0, 276323), (4, 98230), (9, 152991), (12, 132114), (8, 140274), (2, 125304), (5, 152160), (6, 220373), (7, 121868), (11, 180293)]",159400.0909090909,1753401
2024-07-03,24,"[3, 12, 2, 5, 6, 7, 11, 0, 4]","[(3, 153471), (12, 132114), (2, 125304), (5, 152160), (6, 220373), (7, 121868), (11, 180293), (0, 124936), (4, 160377)]",152321.77777777778,1370896
2024-07-04,32,"[3, 12, 2, 5, 6, 7, 11, 0, 4, 9, 8, 1]","[(3, 153471), (12, 132114), (2, 125304), (5, 152160), (6, 220373), (7, 121868), (11, 180293), (0, 124936), (4, 160377), (9, 144862), (8, 264931), (1, 206638)]",165610.58333333334,1987327
2024-07-05,30,"[3, 12, 5, 11, 4, 9, 8, 1, 2, 6, 0, 7]","[(3, 153471), (12, 132114), (5, 152160), (11, 180293), (4, 160377), (9, 144862), (8, 264931), (1, 206638), (2, 386911), (6, 120808), (0, 148362), (7, 234862)]",190482.41666666666,2285789
2024-07-06,32,"[3, 12, 5, 4, 9, 8, 1, 2, 6, 0, 7, 11]","[(3, 153471), (12, 132114), (5, 152160), (4, 160377), (9, 144862), (8, 264931), (1, 206638), (2, 386911), (6, 120808), (0, 148362), (7, 234862), (11, 88028)]",182793.66666666666,2193524
2024-07-07,27,"[12, 4, 9, 8, 1, 7, 11, 2, 5, 6]","[(12, 132114), (4, 160377), (9, 144862), (8, 264931), (1, 206638), (7, 234862), (11, 88028), (2, 110732), (5, 66224), (6, 95561)]",150432.9,1504329
2024-07-08,26,"[12, 8, 1, 7, 11, 2, 5, 6, 0, 9]","[(12, 132114), (8, 264931), (1, 206638), (7, 234862), (11, 88028), (2, 110732), (5, 66224), (6, 95561), (0, 206925), (9, 147971)]",155398.6,1553986
2024-07-09,23,"[12, 1, 7, 5, 6, 0, 9, 2, 3, 4]","[(12, 132114), (1, 206638), (7, 234862), (5, 66224), (6, 95561), (0, 206925), (9, 147971), (2, 114711), (3, 223407), (4, 113124)]",154153.7,1541537
2024-07-10,22,"[12, 1, 9, 2, 3, 4, 8, 0, 11, 5]","[(12, 132114), (1, 206638), (9, 147971), (2, 114711), (3, 223407), (4, 113124), (8, 512572), (0, 261585), (11, 113206), (5, 97827)]",192315.5,1923155
2024-07-11,26,"[9, 3, 4, 8, 0, 11, 5, 2, 1, 7, 6]","[(9, 147971), (3, 223407), (4, 113124), (8, 512572), (0, 261585), (11, 113206), (5, 97827), (2, 323148), (1, 282523), (7, 216714), (6, 178090)]",224560.63636363635,2470167
2024-07-12,24,"[3, 4, 11, 5, 2, 1, 7, 6, 0, 12]","[(3, 223407), (4, 113124), (11, 113206), (5, 97827), (2, 323148), (1, 282523), (7, 216714), (6, 178090), (0, 353985), (12, 105212)]",200723.6,2007236
2024-07-13,29,"[11, 5, 2, 1, 7, 6, 0, 12, 9, 3, 8, 4]","[(11, 113206), (5, 97827), (2, 323148), (1, 282523), (7, 216714), (6, 178090), (0, 353985), (12, 105212), (9, 142784), (3, 148938), (8, 381668), (4, 120252)]",205362.25,2464347
2024-07-14,30,"[0, 12, 9, 3, 8, 4, 2, 6, 1, 7, 11]","[(0, 353985), (12, 105212), (9, 142784), (3, 148938), (8, 381668), (4, 120252), (2, 131390), (6, 103072), (1, 133232), (7, 125521), (11, 191717)]",176161.0,1937771
2024-07-15,31,"[3, 8, 4, 2, 6, 1, 7, 11, 9, 5]","[(3, 148938), (8, 381668), (4, 120252), (2, 131390), (6, 103072), (1, 133232), (7, 125521), (11, 191717), (9, 120128), (5, 106176)]",156209.4,1562094
2024-07-16,28,"[3, 8, 4, 7, 11, 9, 5, 2, 6, 0, 1]","[(3, 148938), (8, 381668), (4, 120252), (7, 125521), (11, 191717), (9, 120128), (5, 106176), (2, 172006), (6, 106158), (0, 126238), (1, 245582)]",167671.27272727274,1844384
2024-07-17,25,"[4, 11, 5, 2, 6, 0, 1, 3, 7, 8]","[(4, 120252), (11, 191717), (5, 106176), (2, 172006), (6, 106158), (0, 126238), (1, 245582), (3, 98945), (7, 161710), (8, 273158)]",160194.2,1601942
2024-07-18,36,"[11, 5, 6, 0, 1, 3, 7, 8, 9, 12, 2, 4]","[(11, 191717), (5, 106176), (6, 106158), (0, 126238), (1, 245582), (3, 98945), (7, 161710), (8, 273158), (9, 156156), (12, 126535), (2, 184983), (4, 108662)]",157168.33333333334,1886020
2024-07-19,39,"[5, 1, 7, 8, 9, 12, 2, 4, 6, 3, 11, 0]","[(5, 106176), (1, 245582), (7, 161710), (8, 273158), (9, 156156), (12, 126535), (2, 184983), (4, 108662), (6, 234255), (3, 127074), (11, 133384), (0, 176954)]",169552.41666666666,2034629
2024-07-20,35,"[1, 8, 12, 2, 4, 6, 3, 11, 0, 5, 7, 9]","[(1, 245582), (8, 273158), (12, 126535), (2, 184983), (4, 108662), (6, 234255), (3, 127074), (11, 133384), (0, 176954), (5, 135056), (7, 363067), (9, 156914)]",188802.0,2265624
2024-07-21,31,"[1, 2, 4, 6, 3, 11, 0, 5, 7, 9]","[(1, 245582), (2, 184983), (4, 108662), (6, 234255), (3, 127074), (11, 133384), (0, 176954), (5, 135056), (7, 363067), (9, 156914)]",186593.1,1865931
2024-07-22,34,"[9, 6, 2, 0, 5, 3, 4, 7, 8, 11]","[(9, 156914), (6, 95041), (2, 106920), (0, 167232), (5, 108972), (3, 117685), (4, 118652), (7, 109618), (8, 415747), (11, 108932)]",150571.3,1505713
2024-07-23,38,"[6, 2, 0, 5, 3, 4, 7, 8, 11, 9, 1]","[(6, 95041), (2, 106920), (0, 167232), (5, 108972), (3, 117685), (4, 118652), (7, 109618), (8, 415747), (11, 108932), (9, 152991), (1, 180943)]",152975.72727272726,1682733
2024-07-24,36,"[0, 5, 3, 4, 7, 8, 11, 9, 1, 2, 6]","[(0, 167232), (5, 108972), (3, 117685), (4, 118652), (7, 109618), (8, 415747), (11, 108932), (9, 152991), (1, 180943), (2, 130792), (6, 127807)]",158124.63636363635,1739371
2024-07-25,35,"[7, 8, 11, 9, 1, 2, 6, 3, 5, 4]","[(7, 109618), (8, 415747), (11, 108932), (9, 152991), (1, 180943), (2, 130792), (6, 127807), (3, 148956), (5, 143106), (4, 137154)]",165604.6,1656046
2024-07-26,38,"[8, 11, 1, 6, 3, 5, 4, 2, 9, 7, 0]","[(8, 415747), (11, 108932), (1, 180943), (6, 127807), (3, 148956), (5, 143106), (4, 137154), (2, 105396), (9, 145048), (7, 222793), (0, 194562)]",175494.9090909091,1930444
2024-07-27,38,"[11, 3, 5, 4, 2, 9, 7, 0, 6, 8, 1]","[(11, 108932), (3, 148956), (5, 143106), (4, 137154), (2, 105396), (9, 145048), (7, 222793), (0, 194562), (6, 155891), (8, 187738), (1, 121143)]",151883.54545454544,1670719
2024-07-28,31,"[11, 4, 9, 7, 0, 2, 5, 1, 3, 8]","[(11, 108932), (4, 137154), (9, 145048), (7, 222793), (0, 194562), (2, 140620), (5, 124051), (1, 217486), (3, 100218), (8, 248402)]",163926.6,1639266
2024-07-29,24,"[4, 2, 5, 1, 3, 8, 9, 11]","[(4, 137154), (2, 140620), (5, 124051), (1, 217486), (3, 100218), (8, 248402), (9, 128687), (11, 106688)]",150413.25,1203306
2024-07-30,20,"[4, 5, 1, 3, 8, 9, 11, 0]","[(4, 137154), (5, 124051), (1, 217486), (3, 100218), (8, 248402), (9, 128687), (11, 106688), (0, 334464)]",174643.75,1397150
2024-07-31,17,"[8, 9, 11, 0, 3, 4, 1]","[(8, 248402), (9, 128687), (11, 106688), (0, 334464), (3, 126795), (4, 150606), (1, 228057)]",189099.85714285713,1323699
2024-08-01,20,"[8, 11, 0, 3, 4, 1, 6, 7, 9]","[(8, 248402), (11, 106688), (0, 334464), (3, 126795), (4, 150606), (1, 228057), (6, 233511), (7, 224374), (9, 249286)]",211353.66666666666,1902183
2024-08-02,27,"[8, 4, 1, 6, 7, 9, 2, 3, 5, 12, 0]","[(8, 248402), (4, 150606), (1, 228057), (6, 233511), (7, 224374), (9, 249286), (2, 95264), (3, 133937), (5, 293882), (12, 116682), (0, 188194)]",196563.18181818182,2162195
2024-08-03,27,"[8, 4, 1, 6, 7, 9, 2, 3, 5, 12, 0]","[(8, 248402), (4, 150606), (1, 228057), (6, 233511), (7, 224374), (9, 249286), (2, 95264), (3, 133937), (5, 293882), (12, 116682), (0, 188194)]",196563.18181818182,2162195
2024-08-04,27,"[1, 9, 3, 5, 12, 0, 8, 2, 6, 7, 4]","[(1, 228057), (9, 249286), (3, 133937), (5, 293882), (12, 116682), (0, 188194), (8, 122872), (2, 104104), (6, 143230), (7, 182552), (4, 259309)]",183827.72727272726,2022105
2024-08-05,26,"[1, 0, 8, 2, 6, 7, 4, 9, 5, 3]","[(1, 228057), (0, 188194), (8, 122872), (2, 104104), (6, 143230), (7, 182552), (4, 259309), (9, 163030), (5, 122846), (3, 126836)]",164103.0,1641030
2024-08-06,32,"[1, 0, 2, 6, 7, 4, 9, 5, 3, 8, 11, 12]","[(1, 228057), (0, 188194), (2, 104104), (6, 143230), (7, 182552), (4, 259309), (9, 163030), (5, 122846), (3, 126836), (8, 141334), (11, 113603), (12, 197890)]",164248.75,1970985
2024-08-07,23,"[1, 0, 6, 7, 4, 5, 3, 12, 8, 11]","[(1, 228057), (0, 188194), (6, 143230), (7, 182552), (4, 259309), (5, 122846), (3, 126836), (12, 197890), (8, 205140), (11, 211648)]",186570.2,1865702
2024-08-08,28,"[0, 4, 12, 11, 7, 2, 9, 3, 5, 1, 8]","[(0, 188194), (4, 259309), (12, 197890), (11, 211648), (7, 228315), (2, 144178), (9, 188439), (3, 239987), (5, 149350), (1, 106382), (8, 643293)]",232453.18181818182,2556985
2024-08-09,35,"[0, 4, 11, 7, 2, 9, 3, 5, 1, 8, 12, 6]","[(0, 188194), (4, 259309), (11, 211648), (7, 228315), (2, 144178), (9, 188439), (3, 239987), (5, 149350), (1, 106382), (8, 643293), (12, 113528), (6, 152836)]",218788.25,2625459
2024-08-10,31,"[4, 9, 3, 5, 1, 8, 12, 6, 11, 2, 0, 7]","[(4, 259309), (9, 188439), (3, 239987), (5, 149350), (1, 106382), (8, 643293), (12, 113528), (6, 152836), (11, 128701), (2, 172400), (0, 271996), (7, 111959)]",211515.0,2538180
2024-08-11,21,"[8, 12, 6, 11, 2, 0, 7, 3]","[(8, 643293), (12, 113528), (6, 152836), (11, 128701), (2, 172400), (0, 271996), (7, 111959), (3, 126424)]",215142.125,1721137
2024-08-12,20,"[8, 6, 2, 0, 7, 3, 11]","[(8, 643293), (6, 152836), (2, 172400), (0, 271996), (7, 111959), (3, 126424), (11, 101840)]",225821.14285714287,1580748
2024-08-13,29,"[8, 6, 3, 11, 2, 5, 0, 4, 1, 9]","[(8, 643293), (6, 152836), (3, 126424), (11, 101840), (2, 89909), (5, 129454), (0, 214083), (4, 289840), (1, 258350), (9, 143645)]",214967.4,2149674
2024-08-14,30,"[8, 6, 11, 5, 0, 4, 1, 9, 2, 3, 12]","[(8, 643293), (6, 152836), (11, 101840), (5, 129454), (0, 214083), (4, 289840), (1, 258350), (9, 143645), (2, 750731), (3, 149382), (12, 132676)]",269648.1818181818,2966130
2024-08-15,26,"[8, 11, 0, 4, 1, 9, 2, 3, 12, 7, 5]","[(8, 643293), (11, 101840), (0, 214083), (4, 289840), (1, 258350), (9, 143645), (2, 750731), (3, 149382), (12, 132676), (7, 237322), (5, 125212)]",276943.0909090909,3046374
2024-08-16,25,"[8, 4, 1, 9, 3, 12, 7, 5, 0, 6, 2]","[(8, 643293), (4, 289840), (1, 258350), (9, 143645), (3, 149382), (12, 132676), (7, 237322), (5, 125212), (0, 189356), (6, 238767), (2, 127976)]",230529.0,2535819
2024-08-17,24,"[8, 1, 9, 12, 7, 5, 0, 6, 2, 3]","[(8, 643293), (1, 258350), (9, 143645), (12, 132676), (7, 237322), (5, 125212), (0, 189356), (6, 238767), (2, 127976), (3, 149382)]",224597.9,2245979
2024-08-18,22,"[9, 12, 5, 6, 2, 3, 0, 1, 8, 4]","[(9, 143645), (12, 132676), (5, 125212), (6, 238767), (2, 127976), (3, 149382), (0, 167883), (1, 304420), (8, 377746), (4, 241863)]",200957.0,2009570
2024-08-19,14,"[9, 12, 5, 3, 1, 8, 4, 0]","[(9, 143645), (12, 132676), (5, 125212), (3, 149382), (1, 304420), (8, 377746), (4, 241863), (0, 289695)]",220579.875,1764639
2024-08-20,13,"[9, 5, 8, 4, 0, 12, 7]","[(9, 143645), (5, 125212), (8, 377746), (4, 241863), (0, 289695), (12, 101120), (7, 156467)]",205106.85714285713,1435748
2024-08-21,17,"[5, 8, 4, 0, 12, 7, 6, 1]","[(5, 125212), (8, 377746), (4, 241863), (0, 289695), (12, 101120), (7, 156467), (6, 174148), (1, 138012)]",200532.875,1604263
2024-08-22,25,"[8, 4, 0, 7, 6, 1, 9, 3, 5, 2]","[(8, 377746), (4, 241863), (0, 289695), (7, 156467), (6, 174148), (1, 138012), (9, 256816), (3, 150131), (5, 145444), (2, 113781)]",204410.3,2044103
2024-08-23,32,"[8, 4, 0, 7, 6, 1, 9, 3, 5, 2, 11, 12]","[(8, 377746), (4, 241863), (0, 289695), (7, 156467), (6, 174148), (1, 138012), (9, 256816), (3, 150131), (5, 145444), (2, 113781), (11, 133213), (12, 96968)]",189523.66666666666,2274284
2024-08-24,36,"[7, 6, 1, 9, 3, 5, 2, 11, 12, 8, 0, 4]","[(7, 156467), (6, 174148), (1, 138012), (9, 256816), (3, 150131), (5, 145444), (2, 113781), (11, 133213), (12, 96968), (8, 122872), (0, 107367), (4, 70995)]",138851.16666666666,1666214
2024-08-25,29,"[7, 1, 3, 5, 2, 12, 8, 0, 4, 11]","[(7, 156467), (1, 138012), (3, 150131), (5, 145444), (2, 113781), (12, 96968), (8, 122872), (0, 107367), (4, 70995), (11, 97594)]",119963.1,1199631
2024-08-26,26,"[1, 2, 12, 4, 11, 6, 5, 0, 8]","[(1, 138012), (2, 113781), (12, 96968), (4, 70995), (11, 97594), (6, 91620), (5, 124362), (0, 121032), (8, 193198)]",116395.77777777778,1047562
2024-08-27,18,"[1, 12, 11, 6, 5, 0, 8]","[(1, 138012), (12, 96968), (11, 97594), (6, 91620), (5, 124362), (0, 121032), (8, 193198)]",123255.14285714286,862786
2024-08-28,11,"[6, 5, 0, 8, 1]","[(6, 91620), (5, 124362), (0, 121032), (8, 193198), (1, 146298)]",135302.0,676510
2024-08-29,26,"[5, 0, 8, 1, 4, 7, 2, 9, 11, 12, 3]","[(5, 124362), (0, 121032), (8, 193198), (1, 146298), (4, 162443), (7, 112167), (2, 139912), (9, 134213), (11, 152322), (12, 189034), (3, 76459)]",141040.0,1551440
2024-08-30,28,"[8, 4, 7, 2, 9, 11, 12, 3, 6, 5]","[(8, 193198), (4, 162443), (7, 112167), (2, 139912), (9, 134213), (11, 152322), (12, 189034), (3, 76459), (6, 114562), (5, 165012)]",143932.2,1439322
2024-08-31,30,"[8, 2, 9, 11, 12, 3, 6, 5, 4, 1, 7]","[(8, 193198), (2, 139912), (9, 134213), (11, 152322), (12, 189034), (3, 76459), (6, 114562), (5, 165012), (4, 88989), (1, 124787), (7, 160445)]",139903.0,1538933
2024-09-01,20,"[8, 12, 3, 5, 4, 1, 7, 0, 6, 9]","[(8, 193198), (12, 189034), (3, 76459), (5, 165012), (4, 88989), (1, 124787), (7, 160445), (0, 355287), (6, 306391), (9, 147103)]",180670.5,1806705
2024-09-02,20,"[8, 3, 4, 1, 7, 0, 6, 9, 11]","[(8, 193198), (3, 76459), (4, 88989), (1, 124787), (7, 160445), (0, 355287), (6, 306391), (9, 147103), (11, 115640)]",174255.44444444444,1568299
2024-09-03,21,"[3, 4, 1, 7, 6, 9, 11, 12, 2]","[(3, 76459), (4, 88989), (1, 124787), (7, 160445), (6, 306391), (9, 147103), (11, 115640), (12, 211700), (2, 90839)]",146928.11111111112,1322353
2024-09-04,25,"[3, 1, 7, 9, 11, 12, 2, 5, 6, 8, 0]","[(3, 76459), (1, 124787), (7, 160445), (9, 147103), (11, 115640), (12, 211700), (2, 90839), (5, 137887), (6, 170672), (8, 492530), (0, 164954)]",172092.36363636365,1893016
2024-09-05,28,"[1, 7, 9, 11, 5, 6, 8, 0, 3, 2, 12]","[(1, 124787), (7, 160445), (9, 147103), (11, 115640), (5, 137887), (6, 170672), (8, 492530), (0, 164954), (3, 160353), (2, 108696), (12, 228633)]",182881.81818181818,2011700
2024-09-06,29,"[7, 9, 8, 0, 3, 2, 12, 5, 6, 1, 11, 4]","[(7, 160445), (9, 147103), (8, 492530), (0, 164954), (3, 160353), (2, 108696), (12, 228633), (5, 258908), (6, 149514), (1, 212084), (11, 231212), (4, 118003)]",202702.91666666666,2432435
2024-09-07,30,"[7, 9, 0, 2, 12, 5, 6, 1, 11, 4, 8, 3]","[(7, 160445), (9, 147103), (0, 164954), (2, 108696), (12, 228633), (5, 258908), (6, 149514), (1, 212084), (11, 231212), (4, 118003), (8, 301497), (3, 128379)]",184119.0,2209428
2024-09-08,22,"[9, 6, 1, 11, 4, 8, 3, 5, 7, 0]","[(9, 147103), (6, 149514), (1, 212084), (11, 231212), (4, 118003), (8, 301497), (3, 128379), (5, 124362), (7, 103518), (0, 126108)]",164178.0,1641780
2024-09-09,20,"[1, 11, 4, 8, 3, 5, 7, 0, 9, 6]","[(1, 212084), (11, 231212), (4, 118003), (8, 301497), (3, 128379), (5, 124362), (7, 103518), (0, 126108), (9, 255951), (6, 173300)]",177441.4,1774414
2024-09-10,20,"[4, 3, 5, 7, 0, 9, 6, 8, 1, 12]","[(4, 118003), (3, 128379), (5, 124362), (7, 103518), (0, 126108), (9, 255951), (6, 173300), (8, 251545), (1, 116737), (12, 115492)]",151339.5,1513395
2024-09-11,27,"[3, 5, 7, 0, 9, 6, 8, 1, 12, 11, 2]","[(3, 128379), (5, 124362), (7, 103518), (0, 126108), (9, 255951), (6, 173300), (8, 251545), (1, 116737), (12, 115492), (11, 126488), (2, 194618)]",156045.27272727274,1716498
2024-09-12,29,"[3, 0, 6, 12, 11, 2, 7, 9, 5, 4]","[(3, 128379), (0, 126108), (6, 173300), (12, 115492), (11, 126488), (2, 194618), (7, 131406), (9, 187075), (5, 270590), (4, 142321)]",159577.7,1595777
2024-09-13,33,"[3, 6, 12, 11, 2, 7, 9, 5, 4, 8, 0, 1]","[(3, 128379), (6, 173300), (12, 115492), (11, 126488), (2, 194618), (7, 131406), (9, 187075), (5, 270590), (4, 142321), (8, 227283), (0, 189356), (1, 225387)]",175974.58333333334,2111695
2024-09-14,31,"[6, 12, 11, 2, 9, 5, 4, 8, 0, 1, 3, 7]","[(6, 173300), (12, 115492), (11, 126488), (2, 194618), (9, 187075), (5, 270590), (4, 142321), (8, 227283), (0, 189356), (1, 225387), (3, 92579), (7, 115845)]",171694.5,2060334
2024-09-15,24,"[6, 12, 4, 1, 3, 7, 5, 0, 8, 9]","[(6, 173300), (12, 115492), (4, 142321), (1, 225387), (3, 92579), (7, 115845), (5, 137887), (0, 208878), (8, 263314), (9, 120135)]",159513.8,1595138
2024-09-16,25,"[6, 4, 1, 5, 0, 8, 9, 7, 2, 12, 3]","[(6, 173300), (4, 142321), (1, 225387), (5, 137887), (0, 208878), (8, 263314), (9, 120135), (7, 115845), (2, 124657), (12, 80121), (3, 138860)]",157336.81818181818,1730705
2024-09-17,28,"[6, 0, 8, 9, 7, 2, 12, 3, 1, 5, 4, 11]","[(6, 173300), (0, 208878), (8, 263314), (9, 120135), (7, 115845), (2, 124657), (12, 80121), (3, 138860), (1, 146298), (5, 137915), (4, 141272), (11, 175309)]",152158.66666666666,1825904
2024-09-18,28,"[6, 0, 8, 9, 2, 12, 3, 1, 5, 4, 11, 7]","[(6, 173300), (0, 208878), (8, 263314), (9, 120135), (2, 124657), (12, 80121), (3, 138860), (1, 146298), (5, 137915), (4, 141272), (11, 175309), (7, 202872)]",159410.91666666666,1912931
2024-09-19,30,"[6, 8, 9, 12, 3, 5, 4, 11, 7, 1, 2, 0]","[(6, 173300), (8, 263314), (9, 120135), (12, 80121), (3, 138860), (5, 137915), (4, 141272), (11, 175309), (7, 202872), (1, 223879), (2, 153423), (0, 180876)]",165939.66666666666,1991276
2024-09-20,31,"[8, 9, 3, 5, 4, 11, 7, 1, 2, 0, 12, 6]","[(8, 263314), (9, 120135), (3, 138860), (5, 137915), (4, 141272), (11, 175309), (7, 202872), (1, 223879), (2, 153423), (0, 180876), (12, 143878), (6, 203709)]",173786.83333333334,2085442
2024-09-21,29,"[1, 2, 0, 12, 6, 5, 11, 8, 3, 7, 4, 9]","[(1, 223879), (2, 153423), (0, 180876), (12, 143878), (6, 203709), (5, 189032), (11, 265931), (8, 177978), (3, 141424), (7, 146130), (4, 131014), (9, 169463)]",177228.08333333334,2126737
2024-09-22,26,"[1, 2, 0, 12, 6, 8, 3, 7, 4, 9, 5]","[(1, 223879), (2, 153423), (0, 180876), (12, 143878), (6, 203709), (8, 177978), (3, 141424), (7, 146130), (4, 131014), (9, 169463), (5, 257740)]",175410.36363636365,1929514
2024-09-23,21,"[0, 3, 7, 4, 9, 5, 2, 8, 6]","[(0, 180876), (3, 141424), (7, 146130), (4, 131014), (9, 169463), (5, 257740), (2, 72076), (8, 238354), (6, 222877)]",173328.22222222222,1559954
2024-09-24,17,"[0, 9, 5, 2, 8, 6, 7]","[(0, 180876), (9, 169463), (5, 257740), (2, 72076), (8, 238354), (6, 222877), (7, 110608)]",178856.2857142857,1251994
2024-09-25,20,"[0, 9, 2, 8, 6, 7, 4, 1, 5]","[(0, 180876), (9, 169463), (2, 72076), (8, 238354), (6, 222877), (7, 110608), (4, 222208), (1, 265043), (5, 297898)]",197711.44444444444,1779403
2024-09-26,28,"[9, 8, 6, 7, 4, 1, 5, 12, 11, 3, 2]","[(9, 169463), (8, 238354), (6, 222877), (7, 110608), (4, 222208), (1, 265043), (5, 297898), (12, 147530), (11, 170690), (3, 132141), (2, 98908)]",188701.81818181818,2075720
2024-09-27,25,"[6, 1, 5, 12, 11, 3, 2, 9, 8, 4]","[(6, 222877), (1, 265043), (5, 297898), (12, 147530), (11, 170690), (3, 132141), (2, 98908), (9, 192117), (8, 565927), (4, 147428)]",224055.9,2240559
2024-09-28,30,"[11, 3, 2, 9, 8, 4, 5, 1, 12, 6, 7]","[(11, 170690), (3, 132141), (2, 98908), (9, 192117), (8, 565927), (4, 147428), (5, 114618), (1, 140274), (12, 104299), (6, 144361), (7, 174502)]",180478.63636363635,1985265
2024-09-29,18,"[8, 4, 5, 1, 12, 6, 7, 9]","[(8, 565927), (4, 147428), (5, 114618), (1, 140274), (12, 104299), (6, 144361), (7, 174502), (9, 100674)]",186510.375,1492083
2024-09-30,16,"[4, 6, 7, 9, 12, 1, 8]","[(4, 147428), (6, 144361), (7, 174502), (9, 100674), (12, 77528), (1, 345061), (8, 232554)]",174586.85714285713,1222108
2024-10-01,17,"[4, 9, 12, 1, 8, 6, 5, 3]","[(4, 147428), (9, 100674), (12, 77528), (1, 345061), (8, 232554), (6, 127725), (5, 182384), (3, 105226)]",164822.5,1318580
2024-10-02,20,"[9, 12, 1, 8, 5, 3, 6, 2]","[(9, 100674), (12, 77528), (1, 345061), (8, 232554), (5, 182384), (3, 105226), (6, 119619), (2, 294150)]",182149.5,1457196
2024-10-03,38,"[8, 3, 6, 2, 0, 1, 7, 9, 11, 5, 4, 12]","[(8, 232554), (3, 105226), (6, 119619), (2, 294150), (0, 174018), (1, 185731), (7, 234952), (9, 183190), (11, 113473), (5, 379419), (4, 124796), (12, 175803)]",193577.58333333334,2322931
2024-10-04,38,"[3, 6, 2, 1, 7, 9, 11, 5, 4, 12, 0, 8]","[(3, 105226), (6, 119619), (2, 294150), (1, 185731), (7, 234952), (9, 183190), (11, 113473), (5, 379419), (4, 124796), (12, 175803), (0, 227004), (8, 247362)]",199227.08333333334,2390725
2024-10-05,36,"[3, 6, 2, 7, 9, 11, 5, 4, 12, 8, 0, 1]","[(3, 105226), (6, 119619), (2, 294150), (7, 234952), (9, 183190), (11, 113473), (5, 379419), (4, 124796), (12, 175803), (8, 247362), (0, 208226), (1, 595621)]",231819.75,2781837
2024-10-06,15,"[3, 2, 0, 1, 5, 8, 7]","[(3, 105226), (2, 294150), (0, 208226), (1, 595621), (5, 99558), (8, 119080), (7, 127892)]",221393.2857142857,1549753
2024-10-07,22,"[3, 0, 1, 5, 8, 7, 4, 2, 6, 11]","[(3, 105226), (0, 208226), (1, 595621), (5, 99558), (8, 119080), (7, 127892), (4, 128004), (2, 89054), (6, 177017), (11, 110750)]",176042.8,1760428
2024-10-08,25,"[3, 1, 7, 4, 2, 6, 11, 9, 12, 0, 8]","[(3, 105226), (1, 595621), (7, 127892), (4, 128004), (2, 89054), (6, 177017), (11, 110750), (9, 106220), (12, 88682), (0, 163490), (8, 256192)]",177104.36363636365,1948148
2024-10-09,22,"[3, 6, 11, 9, 12, 0, 8, 4, 1, 5]","[(3, 105226), (6, 177017), (11, 110750), (9, 106220), (12, 88682), (0, 163490), (8, 256192), (4, 214734), (1, 147432), (5, 145554)]",151529.7,1515297
2024-10-10,28,"[11, 7, 3, 9, 12, 0, 8, 4, 1, 5, 2]","[(11, 162733), (7, 185591), (3, 105226), (9, 106220), (12, 88682), (0, 163490), (8, 256192), (4, 214734), (1, 147432), (5, 145554), (2, 159055)]",157719.0,1734909
2024-10-11,35,"[11, 7, 9, 12, 4, 6, 3, 0, 8, 1, 5, 2]","[(11, 162733), (7, 185591), (9, 240390), (12, 124564), (4, 129522), (6, 119619), (3, 105226), (0, 163490), (8, 256192), (1, 147432), (5, 145554), (2, 159055)]",161614.0,1939368
2024-10-12,35,"[11, 7, 9, 12, 4, 6, 1, 0, 3, 8, 5, 2]","[(11, 162733), (7, 185591), (9, 240390), (12, 124564), (4, 129522), (6, 119619), (1, 293822), (0, 157732), (3, 105226), (8, 256192), (5, 145554), (2, 159055)]",173333.33333333334,2080000
2024-10-13,31,"[7, 12, 4, 6, 1, 0, 9, 2, 11, 3, 8, 5]","[(7, 185591), (12, 124564), (4, 129522), (6, 119619), (1, 293822), (0, 157732), (9, 136091), (2, 132326), (11, 97643), (3, 105226), (8, 256192), (5, 145554)]",156990.16666666666,1883882
2024-10-14,30,"[6, 1, 0, 9, 2, 11, 12, 7, 4, 3, 8, 5]","[(6, 119619), (1, 293822), (0, 157732), (9, 136091), (2, 132326), (11, 97643), (12, 96770), (7, 119358), (4, 107832), (3, 105226), (8, 256192), (5, 145554)]",147347.08333333334,1768165
2024-10-15,21,"[1, 0, 9, 2, 11, 12, 7, 4, 5, 3]","[(1, 293822), (0, 157732), (9, 136091), (2, 132326), (11, 97643), (12, 96770), (7, 119358), (4, 107832), (5, 212558), (3, 105226)]",145935.8,1459358
2024-10-16,25,"[1, 0, 2, 11, 7, 4, 5, 8, 6, 12, 3]","[(1, 293822), (0, 157732), (2, 132326), (11, 97643), (7, 119358), (4, 107832), (5, 212558), (8, 469254), (6, 129041), (12, 115594), (3, 105226)]",176398.72727272726,1940386
2024-10-17,30,"[11, 8, 6, 12, 7, 9, 4, 0, 5, 1, 2, 3]","[(11, 97643), (8, 469254), (6, 129041), (12, 115594), (7, 124750), (9, 459958), (4, 118987), (0, 187980), (5, 269672), (1, 438670), (2, 98433), (3, 105226)]",217934.0,2615208
2024-10-18,30,"[8, 6, 12, 7, 9, 4, 0, 5, 1, 2, 11, 3]","[(8, 469254), (6, 129041), (12, 115594), (7, 124750), (9, 459958), (4, 118987), (0, 187980), (5, 269672), (1, 438670), (2, 98433), (11, 203690), (3, 105226)]",226771.25,2721255
2024-10-19,31,"[6, 12, 7, 9, 4, 0, 5, 1, 2, 11, 8, 3]","[(6, 129041), (12, 115594), (7, 124750), (9, 459958), (4, 118987), (0, 187980), (5, 269672), (1, 438670), (2, 98433), (11, 203690), (8, 178508), (3, 105226)]",202542.41666666666,2430509
2024-10-20,24,"[5, 1, 2, 11, 8, 12, 7, 6, 4, 3]","[(5, 269672), (1, 438670), (2, 98433), (11, 203690), (8, 178508), (12, 79963), (7, 124322), (6, 88404), (4, 102486), (3, 105226)]",168937.4,1689374
2024-10-21,19,"[2, 12, 7, 6, 4, 8, 5, 11]","[(2, 98433), (12, 79963), (7, 124322), (6, 88404), (4, 102486), (8, 251044), (5, 170978), (11, 142263)]",132236.625,1057893
2024-10-22,21,"[2, 12, 7, 6, 4, 8, 5, 11, 1]","[(2, 98433), (12, 79963), (7, 124322), (6, 88404), (4, 102486), (8, 251044), (5, 170978), (11, 142263), (1, 220730)]",142069.22222222222,1278623
2024-10-23,22,"[2, 7, 6, 4, 5, 11, 1, 9, 8]","[(2, 98433), (7, 124322), (6, 88404), (4, 102486), (5, 170978), (11, 142263), (1, 220730), (9, 148362), (8, 208288)]",144918.44444444444,1304266
2024-10-24,28,"[2, 5, 11, 1, 9, 8, 3, 4, 7, 6]","[(2, 98433), (5, 170978), (11, 142263), (1, 220730), (9, 148362), (8, 208288), (3, 101371), (4, 167576), (7, 188148), (6, 144271)]",159042.0,1590420
2024-10-25,29,"[2, 11, 1, 8, 3, 4, 7, 6, 12, 5]","[(2, 98433), (11, 142263), (1, 220730), (8, 208288), (3, 101371), (4, 167576), (7, 188148), (6, 144271), (12, 150620), (5, 146563)]",156826.3,1568263
2024-10-26,37,"[2, 8, 7, 6, 12, 5, 11, 9, 0, 4, 1, 3]","[(2, 98433), (8, 208288), (7, 188148), (6, 144271), (12, 150620), (5, 146563), (11, 180399), (9, 212317), (0, 176992), (4, 112901), (1, 136711), (3, 98094)]",154478.08333333334,1853737
2024-10-27,31,"[2, 8, 5, 9, 0, 4, 1, 3, 6, 11, 12]","[(2, 98433), (8, 208288), (5, 146563), (9, 212317), (0, 176992), (4, 112901), (1, 136711), (3, 98094), (6, 106716), (11, 136054), (12, 110100)]",140288.0909090909,1543169
2024-10-28,32,"[8, 5, 9, 0, 4, 1, 3, 6, 11, 12, 7, 2]","[(8, 208288), (5, 146563), (9, 212317), (0, 176992), (4, 112901), (1, 136711), (3, 98094), (6, 106716), (11, 136054), (12, 110100), (7, 279990), (2, 86591)]",150943.08333333334,1811317
2024-10-29,25,"[8, 3, 6, 11, 12, 7, 2, 9, 1]","[(8, 208288), (3, 98094), (6, 106716), (11, 136054), (12, 110100), (7, 279990), (2, 86591), (9, 128840), (1, 176807)]",147942.22222222222,1331480
2024-10-30,14,"[11, 12, 9, 1, 4, 0]","[(11, 136054), (12, 110100), (9, 128840), (1, 176807), (4, 138740), (0, 143676)]",139036.16666666666,834217
2024-10-31,32,"[12, 1, 4, 0, 3, 2, 7, 11, 9, 5, 8]","[(12, 110100), (1, 176807), (4, 138740), (0, 143676), (3, 116133), (2, 147915), (7, 142164), (11, 149012), (9, 173150), (5, 176082), (8, 288190)]",160179.0,1761969
2024-11-01,36,"[1, 4, 0, 3, 2, 7, 11, 9, 5, 8, 12, 6]","[(1, 176807), (4, 138740), (0, 143676), (3, 116133), (2, 147915), (7, 142164), (11, 149012), (9, 173150), (5, 176082), (8, 288190), (12, 172930), (6, 177644)]",166870.25,2002443
2024-11-02,36,"[1, 4, 0, 3, 2, 7, 11, 9, 5, 8, 12, 6]","[(1, 176807), (4, 138740), (0, 143676), (3, 116133), (2, 147915), (7, 142164), (11, 149012), (9, 173150), (5, 176082), (8, 288190), (12, 172930), (6, 177644)]",166870.25,2002443
2024-11-03,9,"[1, 0, 6]","[(1, 176807), (0, 143676), (6, 177644)]",166042.33333333334,498127
2024-11-04,8,"[6, 8, 4]","[(6, 177644), (8, 135682), (4, 99126)]",137484.0,412452
2024-11-05,11,"[8, 4, 1, 0, 6]","[(8, 135682), (4, 99126), (1, 101232), (0, 111299), (6, 73499)]",104167.6,520838
2024-11-06,11,"[8, 4, 1, 0, 6]","[(8, 135682), (4, 99126), (1, 101232), (0, 111299), (6, 73499)]",104167.6,520838
2024-11-07,25,"[4, 6, 2, 3, 0, 11, 1, 8, 7, 9]","[(4, 99126), (6, 73499), (2, 215725), (3, 121713), (0, 160093), (11, 119786), (1, 151150), (8, 161748), (7, 143900), (9, 160632)]",140737.2,1407372
2024-11-08,29,"[2, 3, 0, 11, 1, 8, 7, 9, 4, 12, 6, 5]","[(2, 215725), (3, 121713), (0, 160093), (11, 119786), (1, 151150), (8, 161748), (7, 143900), (9, 160632), (4, 150844), (12, 126442), (6, 172427), (5, 109442)]",149491.83333333334,1793902
2024-11-09,29,"[2, 3, 0, 11, 1, 8, 7, 9, 4, 12, 6, 5]","[(2, 215725), (3, 121713), (0, 160093), (11, 119786), (1, 151150), (8, 161748), (7, 143900), (9, 160632), (4, 150844), (12, 126442), (6, 172427), (5, 109442)]",149491.83333333334,1793902
2024-11-10,15,"[7, 9, 12, 6, 5, 8, 4]","[(7, 143900), (9, 160632), (12, 126442), (6, 172427), (5, 109442), (8, 118950), (4, 86804)]",131228.14285714287,918597
2024-11-11,15,"[6, 5, 8, 4, 0, 2]","[(6, 172427), (5, 109442), (8, 118950), (4, 86804), (0, 109068), (2, 57239)]",108988.33333333333,653930
2024-11-12,19,"[6, 5, 8, 4, 0, 2, 11, 1]","[(6, 172427), (5, 109442), (8, 118950), (4, 86804), (0, 109068), (2, 57239), (11, 108501), (1, 184476)]",118363.375,946907
2024-11-13,14,"[2, 11, 1, 0, 7, 12]","[(2, 57239), (11, 108501), (1, 184476), (0, 103490), (7, 114153), (12, 90560)]",109736.5,658419
2024-11-14,30,"[2, 11, 1, 0, 7, 12, 8, 3, 5, 6, 4]","[(2, 57239), (11, 108501), (1, 184476), (0, 103490), (7, 114153), (12, 90560), (8, 158931), (3, 127911), (5, 111754), (6, 106344), (4, 90794)]",114013.90909090909,1254153
2024-11-15,34,"[1, 7, 12, 8, 3, 5, 6, 4, 11, 9, 0, 2]","[(1, 184476), (7, 114153), (12, 90560), (8, 158931), (3, 127911), (5, 111754), (6, 106344), (4, 90794), (11, 153518), (9, 140925), (0, 163811), (2, 96565)]",128311.83333333333,1539742
2024-11-16,34,"[3, 5, 6, 4, 11, 9, 0, 2, 12, 8, 1, 7]","[(3, 127911), (5, 111754), (6, 106344), (4, 90794), (11, 153518), (9, 140925), (0, 163811), (2, 96565), (12, 108510), (8, 170114), (1, 125912), (7, 122891)]",126587.41666666667,1519049
2024-11-17,29,"[6, 4, 11, 9, 0, 2, 12, 8, 1, 7]","[(6, 106344), (4, 90794), (11, 153518), (9, 140925), (0, 163811), (2, 96565), (12, 108510), (8, 170114), (1, 125912), (7, 122891)]",127938.4,1279384
2024-11-18,13,"[4, 1, 7, 5, 0, 12, 8]","[(4, 90794), (1, 125912), (7, 122891), (5, 165958), (0, 118366), (12, 89435), (8, 276746)]",141443.14285714287,990102
2024-11-19,12,"[1, 7, 5, 0, 12, 8, 4]","[(1, 125912), (7, 122891), (5, 165958), (0, 118366), (12, 89435), (8, 276746), (4, 91482)]",141541.42857142858,990790
2024-11-20,13,"[7, 5, 0, 12, 8, 4, 1, 9]","[(7, 122891), (5, 165958), (0, 118366), (12, 89435), (8, 276746), (4, 91482), (1, 278429), (9, 142505)]",160726.5,1285812
2024-11-21,20,"[7, 5, 0, 12, 8, 4, 9, 1, 6, 2]","[(7, 122891), (5, 165958), (0, 118366), (12, 89435), (8, 276746), (4, 91482), (9, 142505), (1, 176974), (6, 181331), (2, 143063)]",150875.1,1508751
2024-11-22,23,"[0, 12, 8, 4, 9, 1, 6, 2, 7, 11, 5]","[(0, 118366), (12, 89435), (8, 276746), (4, 91482), (9, 142505), (1, 176974), (6, 181331), (2, 143063), (7, 181826), (11, 237602), (5, 118675)]",159818.63636363635,1758005
2024-11-23,22,"[12, 8, 4, 9, 6, 2, 7, 11, 5, 0, 1]","[(12, 89435), (8, 276746), (4, 91482), (9, 142505), (6, 181331), (2, 143063), (7, 181826), (11, 237602), (5, 118675), (0, 231132), (1, 147971)]",167433.45454545456,1841768
2024-11-24,13,"[8, 4, 2, 11, 5, 0, 1]","[(8, 276746), (4, 91482), (2, 143063), (11, 237602), (5, 118675), (0, 231132), (1, 147971)]",178095.85714285713,1246671
2024-11-25,11,"[4, 5, 6, 8]","[(4, 91482), (5, 118675), (6, 72805), (8, 110082)]",98261.0,393044
2024-11-26,7,"[6, 8]","[(6, 72805), (8, 110082)]",91443.5,182887
2024-11-27,15,"[6, 8, 9, 4, 5, 7]","[(6, 72805), (8, 110082), (9, 106474), (4, 138740), (5, 139019), (7, 218443)]",130927.16666666667,785563
2024-11-28,27,"[9, 4, 5, 7, 3, 2, 6, 11, 1, 0]","[(9, 106474), (4, 138740), (5, 139019), (7, 218443), (3, 112201), (2, 212782), (6, 148640), (11, 184801), (1, 283700), (0, 156756)]",170155.6,1701556
2024-11-29,32,"[4, 5, 7, 3, 2, 6, 11, 1, 0, 12, 8, 9]","[(4, 138740), (5, 139019), (7, 218443), (3, 112201), (2, 212782), (6, 148640), (11, 184801), (1, 283700), (0, 156756), (12, 191848), (8, 243942), (9, 180339)]",184267.58333333334,2211211
2024-11-30,32,"[4, 5, 7, 3, 2, 6, 11, 1, 0, 12, 8, 9]","[(4, 138740), (5, 139019), (7, 218443), (3, 112201), (2, 212782), (6, 148640), (11, 184801), (1, 283700), (0, 156756), (12, 191848), (8, 243942), (9, 180339)]",184267.58333333334,2211211
2024-12-01,22,"[6, 11, 1, 0, 12, 8, 9, 4, 5]","[(6, 148640), (11, 184801), (1, 283700), (0, 156756), (12, 191848), (8, 243942), (9, 180339), (4, 104913), (5, 116503)]",179049.11111111112,1611442
2024-12-02,19,"[0, 9, 4, 5, 1, 8, 6, 7]","[(0, 156756), (9, 180339), (4, 104913), (5, 116503), (1, 157453), (8, 227209), (6, 85243), (7, 143146)]",146445.25,1171562
2024-12-03,23,"[0, 4, 5, 1, 8, 6, 7, 12, 11, 2]","[(0, 156756), (4, 104913), (5, 116503), (1, 157453), (8, 227209), (6, 85243), (7, 143146), (12, 156463), (11, 383620), (2, 298644)]",182995.0,1829950
2024-12-04,24,"[0, 5, 8, 6, 7, 12, 11, 2, 9, 3]","[(0, 156756), (5, 116503), (8, 227209), (6, 85243), (7, 143146), (12, 156463), (11, 383620), (2, 298644), (9, 362910), (3, 179131)]",210962.5,2109625
2024-12-05,24,"[5, 7, 12, 11, 2, 9, 3, 6, 8, 4, 0]","[(5, 116503), (7, 143146), (12, 156463), (11, 383620), (2, 298644), (9, 362910), (3, 179131), (6, 176249), (8, 394385), (4, 181966), (0, 169444)]",232951.0,2562461
2024-12-06,26,"[12, 11, 2, 9, 3, 8, 4, 0, 7, 5, 1, 6]","[(12, 156463), (11, 383620), (2, 298644), (9, 362910), (3, 179131), (8, 394385), (4, 181966), (0, 169444), (7, 218740), (5, 178666), (1, 299884), (6, 285630)]",259123.58333333334,3109483
2024-12-07,29,"[11, 2, 3, 4, 0, 7, 5, 1, 6, 9, 12, 8]","[(11, 383620), (2, 298644), (3, 179131), (4, 181966), (0, 169444), (7, 218740), (5, 178666), (1, 299884), (6, 285630), (9, 191308), (12, 143202), (8, 236720)]",230579.58333333334,2766955
2024-12-08,24,"[2, 4, 0, 7, 5, 1, 6, 9, 12, 8]","[(2, 298644), (4, 181966), (0, 169444), (7, 218740), (5, 178666), (1, 299884), (6, 285630), (9, 191308), (12, 143202), (8, 236720)]",220420.4,2204204
2024-12-09,15,"[0, 6, 12, 8, 7, 4, 1]","[(0, 169444), (6, 285630), (12, 143202), (8, 236720), (7, 103481), (4, 126414), (1, 217945)]",183262.2857142857,1282836
2024-12-10,19,"[6, 12, 8, 7, 4, 1, 3, 5, 0]","[(6, 285630), (12, 143202), (8, 236720), (7, 103481), (4, 126414), (1, 217945), (3, 78996), (5, 252624), (0, 175624)]",180070.66666666666,1620636
2024-12-11,21,"[6, 8, 7, 4, 1, 3, 5, 0, 9, 12]","[(6, 285630), (8, 236720), (7, 103481), (4, 126414), (1, 217945), (3, 78996), (5, 252624), (0, 175624), (9, 167697), (12, 153395)]",179852.6,1798526
2024-12-12,20,"[4, 1, 5, 0, 9, 12, 8, 3, 6]","[(4, 126414), (1, 217945), (5, 252624), (0, 175624), (9, 167697), (12, 153395), (8, 243207), (3, 135440), (6, 215786)]",187570.22222222222,1688132
2024-12-13,34,"[1, 0, 9, 12, 8, 3, 6, 5, 7, 4, 2, 11]","[(1, 217945), (0, 175624), (9, 167697), (12, 153395), (8, 243207), (3, 135440), (6, 215786), (5, 184262), (7, 165029), (4, 167523), (2, 175939), (11, 300944)]",191899.25,2302791
2024-12-14,36,"[1, 0, 12, 3, 6, 5, 7, 4, 2, 11, 8, 9]","[(1, 217945), (0, 175624), (12, 153395), (3, 135440), (6, 215786), (5, 184262), (7, 165029), (4, 167523), (2, 175939), (11, 300944), (8, 198587), (9, 163792)]",187855.5,2254266
2024-12-15,32,"[1, 6, 5, 7, 4, 2, 11, 8, 9, 12, 3]","[(1, 217945), (6, 215786), (5, 184262), (7, 165029), (4, 167523), (2, 175939), (11, 300944), (8, 198587), (9, 163792), (12, 138880), (3, 118782)]",186133.54545454544,2047469
2024-12-16,21,"[6, 9, 12, 3, 4, 1, 5, 2]","[(6, 215786), (9, 163792), (12, 138880), (3, 118782), (4, 138806), (1, 123560), (5, 98080), (2, 90858)]",136068.0,1088544
2024-12-17,18,"[6, 12, 3, 4, 1, 5, 2, 8]","[(6, 215786), (12, 138880), (3, 118782), (4, 138806), (1, 123560), (5, 98080), (2, 90858), (8, 235426)]",145022.25,1160178
2024-12-18,17,"[6, 4, 1, 5, 2, 8, 9]","[(6, 215786), (4, 138806), (1, 123560), (5, 98080), (2, 90858), (8, 235426), (9, 186103)]",155517.0,1088619
2024-12-19,22,"[5, 2, 9, 11, 0, 1, 4, 8]","[(5, 98080), (2, 90858), (9, 186103), (11, 183582), (0, 221984), (1, 286265), (4, 182189), (8, 210844)]",182488.125,1459905
2024-12-20,26,"[2, 9, 11, 0, 1, 4, 8, 6, 3]","[(2, 90858), (9, 186103), (11, 183582), (0, 221984), (1, 286265), (4, 182189), (8, 210844), (6, 142970), (3, 174006)]",186533.44444444444,1678801
2024-12-21,31,"[9, 11, 0, 1, 4, 8, 6, 3, 5, 12, 2]","[(9, 186103), (11, 183582), (0, 221984), (1, 286265), (4, 182189), (8, 210844), (6, 142970), (3, 174006), (5, 162974), (12, 153753), (2, 205921)]",191871.9090909091,2110591
2024-12-22,34,"[0, 1, 4, 8, 3, 5, 12, 2, 11, 6, 9, 7]","[(0, 221984), (1, 286265), (4, 182189), (8, 210844), (3, 174006), (5, 162974), (12, 153753), (2, 205921), (11, 264671), (6, 223546), (9, 175524), (7, 227413)]",207424.16666666666,2489090
2024-12-23,31,"[12, 2, 11, 6, 9, 7, 4, 1, 5, 3, 0]","[(12, 153753), (2, 205921), (11, 264671), (6, 223546), (9, 175524), (7, 227413), (4, 200158), (1, 136574), (5, 213209), (3, 184708), (0, 223591)]",200824.36363636365,2209068
2024-12-24,30,"[6, 9, 7, 4, 1, 5, 3, 0, 11, 2, 8]","[(6, 223546), (9, 175524), (7, 227413), (4, 200158), (1, 136574), (5, 213209), (3, 184708), (0, 223591), (11, 146651), (2, 103044), (8, 249463)]",189443.72727272726,2083881
2024-12-25,30,"[6, 9, 7, 4, 1, 5, 3, 0, 11, 2, 8]","[(6, 223546), (9, 175524), (7, 227413), (4, 200158), (1, 136574), (5, 213209), (3, 184708), (0, 223591), (11, 146651), (2, 103044), (8, 249463)]",189443.72727272726,2083881
2024-12-26,33,"[9, 7, 3, 0, 8, 11, 6, 5, 1, 2]","[(9, 175524), (7, 227413), (3, 184708), (0, 223591), (8, 249463), (11, 191717), (6, 257011), (5, 221287), (1, 333070), (2, 304601)]",236838.5,2368385
2024-12-27,38,"[7, 0, 11, 6, 5, 1, 2, 9, 8, 12, 4, 3]","[(7, 227413), (0, 223591), (11, 191717), (6, 257011), (5, 221287), (1, 333070), (2, 304601), (9, 192238), (8, 227060), (12, 263286), (4, 156635), (3, 340125)]",244836.16666666666,2938034
2024-12-28,36,"[11, 6, 5, 1, 2, 12, 4, 3, 8, 7, 0, 9]","[(11, 191717), (6, 257011), (5, 221287), (1, 333070), (2, 304601), (12, 263286), (4, 156635), (3, 340125), (8, 671643), (7, 226465), (0, 537894), (9, 437506)]",328436.6666666667,3941240
2024-12-29,37,"[6, 5, 1, 2, 4, 3, 7, 0, 9, 11, 8, 12]","[(6, 257011), (5, 221287), (1, 333070), (2, 304601), (4, 156635), (3, 340125), (7, 226465), (0, 537894), (9, 437506), (11, 337352), (8, 474380), (12, 274078)]",325033.6666666667,3900404
2024-12-30,36,"[3, 9, 11, 8, 12, 4, 6, 5, 0, 1, 2, 7]","[(3, 340125), (9, 437506), (11, 337352), (8, 474380), (12, 274078), (4, 243514), (6, 298257), (5, 302486), (0, 771963), (1, 500971), (2, 249066), (7, 169612)]",366609.1666666667,4399310
2024-12-31,39,"[9, 11, 8, 12, 6, 5, 0, 1, 2, 7, 4, 3]","[(9, 437506), (11, 337352), (8, 474380), (12, 274078), (6, 298257), (5, 302486), (0, 771963), (1, 500971), (2, 249066), (7, 169612), (4, 256565), (3, 201617)]",356154.4166666667,4273853
2025-01-01,33,"[9, 8, 12, 5, 0, 1, 2, 7, 4, 3, 6, 11]","[(9, 437506), (8, 474380), (12, 274078), (5, 302486), (0, 771963), (1, 500971), (2, 249066), (7, 169612), (4, 256565), (3, 201617), (6, 168998), (11, 583258)]",365875.0,4390500
2025-01-02,25,"[9, 12, 7, 3, 6, 11, 1, 4, 5]","[(9, 437506), (12, 274078), (7, 169612), (3, 201617), (6, 168998), (11, 583258), (1, 110797), (4, 125735), (5, 147078)]",246519.88888888888,2218679
2025-01-03,35,"[9, 7, 11, 1, 4, 5, 8, 6, 0, 12, 2, 3]","[(9, 437506), (7, 169612), (11, 583258), (1, 110797), (4, 125735), (5, 147078), (8, 204164), (6, 150453), (0, 154516), (12, 128301), (2, 101560), (3, 111448)]",202035.66666666666,2424428
2025-01-04,32,"[9, 7, 5, 8, 6, 0, 12, 2, 3, 4, 11]","[(9, 437506), (7, 169612), (5, 147078), (8, 204164), (6, 150453), (0, 154516), (12, 128301), (2, 101560), (3, 111448), (4, 118354), (11, 98908)]",165627.27272727274,1821900
2025-01-05,30,"[7, 0, 12, 2, 3, 4, 11, 6, 9, 1]","[(7, 169612), (0, 154516), (12, 128301), (2, 101560), (3, 111448), (4, 118354), (11, 98908), (6, 79851), (9, 97048), (1, 126080)]",118567.8,1185678
2025-01-06,20,"[3, 4, 11, 6, 9, 1, 8, 0]","[(3, 111448), (4, 118354), (11, 98908), (6, 79851), (9, 97048), (1, 126080), (8, 115659), (0, 77444)]",103099.0,824792
2025-01-07,17,"[11, 6, 9, 1, 8, 0, 4]","[(11, 98908), (6, 79851), (9, 97048), (1, 126080), (8, 115659), (0, 77444), (4, 91984)]",98139.14285714286,686974
2025-01-08,14,"[1, 8, 0, 4, 6, 7]","[(1, 126080), (8, 115659), (0, 77444), (4, 91984), (6, 100302), (7, 103686)]",102525.83333333333,615155
2025-01-09,17,"[0, 4, 6, 7, 11, 2]","[(0, 77444), (4, 91984), (6, 100302), (7, 103686), (11, 150221), (2, 78922)]",100426.5,602559
2025-01-10,17,"[4, 6, 7, 11, 2, 0]","[(4, 91984), (6, 100302), (7, 103686), (11, 150221), (2, 78922), (0, 123932)]",108174.5,649047
2025-01-11,17,"[4, 7, 11, 2, 0, 8, 1]","[(4, 91984), (7, 103686), (11, 150221), (2, 78922), (0, 123932), (8, 182589), (1, 90435)]",117395.57142857143,821769
2025-01-12,6,"[8, 1, 0]","[(8, 182589), (1, 90435), (0, 70210)]",114411.33333333333,343234
2025-01-13,13,"[8, 1, 0, 12, 6, 4]","[(8, 182589), (1, 90435), (0, 70210), (12, 167353), (6, 80804), (4, 75938)]",111221.5,667329
2025-01-14,12,"[1, 0, 12, 6, 4, 9]","[(1, 90435), (0, 70210), (12, 167353), (6, 80804), (4, 75938), (9, 143607)]",104724.5,628347
2025-01-15,16,"[1, 0, 12, 6, 4, 9, 2]","[(1, 90435), (0, 70210), (12, 167353), (6, 80804), (4, 75938), (9, 143607), (2, 72436)]",100111.85714285714,700783
2025-01-16,22,"[1, 0, 12, 6, 4, 9, 2, 11]","[(1, 90435), (0, 70210), (12, 167353), (6, 80804), (4, 75938), (9, 143607), (2, 72436), (11, 97730)]",99814.125,798513
2025-01-17,22,"[1, 9, 2, 11, 0, 8, 6, 4]","[(1, 90435), (9, 143607), (2, 72436), (11, 97730), (0, 126163), (8, 148390), (6, 124099), (4, 79563)]",110302.875,882423
2025-01-18,29,"[9, 2, 11, 0, 8, 6, 4, 1, 3, 7, 12]","[(9, 143607), (2, 72436), (11, 97730), (0, 126163), (8, 148390), (6, 124099), (4, 79563), (1, 197778), (3, 109282), (7, 99296), (12, 72987)]",115575.54545454546,1271331
2025-01-19,17,"[9, 2, 6, 4, 3, 7, 12]","[(9, 143607), (2, 72436), (6, 124099), (4, 79563), (3, 109282), (7, 99296), (12, 72987)]",100181.42857142857,701270
2025-01-20,20,"[9, 2, 6, 4, 3, 7, 12, 1, 8]","[(9, 143607), (2, 72436), (6, 124099), (4, 79563), (3, 109282), (7, 99296), (12, 72987), (1, 103110), (8, 161785)]",107351.66666666667,966165
2025-01-21,14,"[9, 2, 7, 12, 1, 8, 0]","[(9, 143607), (2, 72436), (7, 99296), (12, 72987), (1, 103110), (8, 161785), (0, 83038)]",105179.85714285714,736259
2025-01-22,15,"[7, 12, 1, 8, 0, 4, 3]","[(7, 99296), (12, 72987), (1, 103110), (8, 161785), (0, 83038), (4, 72830), (3, 61250)]",93470.85714285714,654296
2025-01-23,17,"[7, 12, 0, 4, 3, 9, 2]","[(7, 99296), (12, 72987), (0, 83038), (4, 72830), (3, 61250), (9, 95375), (2, 89537)]",82044.71428571429,574313
2025-01-24,27,"[7, 12, 0, 4, 3, 9, 2, 11, 8, 6, 1]","[(7, 99296), (12, 72987), (0, 83038), (4, 72830), (3, 61250), (9, 95375), (2, 89537), (11, 116570), (8, 257736), (6, 114153), (1, 98964)]",105612.36363636363,1161736
2025-01-25,26,"[12, 0, 3, 9, 2, 11, 8, 6, 1, 7, 4]","[(12, 72987), (0, 83038), (3, 61250), (9, 95375), (2, 89537), (11, 116570), (8, 257736), (6, 114153), (1, 98964), (7, 73244), (4, 89096)]",104722.72727272728,1151950
2025-01-26,17,"[12, 9, 2, 6, 1, 7, 4]","[(12, 72987), (9, 95375), (2, 89537), (6, 114153), (1, 98964), (7, 73244), (4, 89096)]",90479.42857142857,633356
2025-01-27,13,"[12, 2, 1, 7, 4, 5]","[(12, 72987), (2, 89537), (1, 98964), (7, 73244), (4, 89096), (5, 63730)]",81259.66666666667,487558
2025-01-28,9,"[1, 7, 4, 5, 8]","[(1, 98964), (7, 73244), (4, 89096), (5, 63730), (8, 220897)]",109186.2,545931
2025-01-29,13,"[1, 7, 4, 5, 8, 3, 0]","[(1, 98964), (7, 73244), (4, 89096), (5, 63730), (8, 220897), (3, 144708), (0, 101008)]",113092.42857142857,791647
2025-01-30,21,"[4, 5, 8, 3, 0, 2, 6, 7, 9]","[(4, 89096), (5, 63730), (8, 220897), (3, 144708), (0, 101008), (2, 117499), (6, 121404), (7, 99763), (9, 78762)]",115207.44444444444,1036867
2025-01-31,22,"[4, 5, 8, 0, 2, 6, 7, 9, 3]","[(4, 89096), (5, 63730), (8, 220897), (0, 101008), (2, 117499), (6, 121404), (7, 99763), (9, 78762), (3, 79808)]",107996.33333333333,971967
2025-02-01,23,"[5, 0, 2, 6, 7, 9, 3, 4, 11]","[(5, 63730), (0, 101008), (2, 117499), (6, 121404), (7, 99763), (9, 78762), (3, 79808), (4, 86377), (11, 108861)]",95245.77777777778,857212
2025-02-02,15,"[5, 9, 3, 4, 11, 7, 2]","[(5, 63730), (9, 78762), (3, 79808), (4, 86377), (11, 108861), (7, 76718), (2, 112596)]",86693.14285714286,606852
2025-02-03,17,"[9, 4, 11, 7, 2, 1, 6, 0]","[(9, 78762), (4, 86377), (11, 108861), (7, 76718), (2, 112596), (1, 137290), (6, 102161), (0, 95431)]",99774.5,798196
2025-02-04,17,"[9, 11, 7, 2, 1, 6, 0, 8]","[(9, 78762), (11, 108861), (7, 76718), (2, 112596), (1, 137290), (6, 102161), (0, 95431), (8, 114269)]",103261.0,826088
2025-02-05,19,"[9, 11, 7, 2, 1, 6, 0, 8, 4, 5]","[(9, 78762), (11, 108861), (7, 76718), (2, 112596), (1, 137290), (6, 102161), (0, 95431), (8, 114269), (4, 150726), (5, 103184)]",107999.8,1079998
2025-02-06,19,"[11, 2, 1, 6, 0, 8, 4, 5, 7, 9]","[(11, 108861), (2, 112596), (1, 137290), (6, 102161), (0, 95431), (8, 114269), (4, 150726), (5, 103184), (7, 109226), (9, 118801)]",115254.5,1152545
2025-02-07,20,"[11, 2, 8, 4, 5, 7, 9, 12, 6, 0]","[(11, 108861), (2, 112596), (8, 114269), (4, 150726), (5, 103184), (7, 109226), (9, 118801), (12, 179428), (6, 108501), (0, 120176)]",122576.8,1225768
2025-02-08,22,"[11, 2, 4, 5, 7, 9, 12, 6, 0, 1, 8]","[(11, 108861), (2, 112596), (4, 150726), (5, 103184), (7, 109226), (9, 118801), (12, 179428), (6, 108501), (0, 120176), (1, 179763), (8, 107004)]",127115.09090909091,1398266
2025-02-09,19,"[11, 2, 4, 5, 9, 6, 0, 1, 8]","[(11, 108861), (2, 112596), (4, 150726), (5, 103184), (9, 118801), (6, 108501), (0, 120176), (1, 179763), (8, 107004)]",123290.22222222222,1109612
2025-02-10,4,"[5, 8, 12]","[(5, 103184), (8, 107730), (12, 125450)]",112121.33333333333,336364
2025-02-11,8,"[5, 8, 12, 7, 9]","[(5, 103184), (8, 107730), (12, 125450), (7, 116496), (9, 96862)]",109944.4,549722
2025-02-12,12,"[5, 8, 12, 7, 9, 6]","[(5, 103184), (8, 107730), (12, 125450), (7, 116496), (9, 96862), (6, 96584)]",107717.66666666667,646306
2025-02-13,14,"[5, 8, 12, 7, 9, 6, 1]","[(5, 103184), (8, 107730), (12, 125450), (7, 116496), (9, 96862), (6, 96584), (1, 177476)]",117683.14285714286,823782
2025-02-14,29,"[5, 12, 9, 6, 1, 8, 7, 0, 3, 11, 4, 2]","[(5, 103184), (12, 125450), (9, 96862), (6, 96584), (1, 177476), (8, 297950), (7, 135143), (0, 166656), (3, 83560), (11, 94743), (4, 97784), (2, 117053)]",132703.75,1592445
2025-02-15,30,"[5, 12, 9, 1, 7, 0, 3, 11, 4, 2, 8, 6]","[(5, 103184), (12, 125450), (9, 96862), (1, 177476), (7, 135143), (0, 166656), (3, 83560), (11, 94743), (4, 97784), (2, 117053), (8, 135998), (6, 82603)]",118042.66666666667,1416512
2025-02-16,28,"[5, 12, 9, 0, 3, 11, 4, 2, 8, 6, 1]","[(5, 103184), (12, 125450), (9, 96862), (0, 166656), (3, 83560), (11, 94743), (4, 97784), (2, 117053), (8, 135998), (6, 82603), (1, 88180)]",108370.27272727272,1192073
2025-02-17,15,"[5, 12, 4, 2, 8, 6, 1]","[(5, 103184), (12, 125450), (4, 97784), (2, 117053), (8, 135998), (6, 82603), (1, 88180)]",107178.85714285714,750252
2025-02-18,16,"[5, 12, 4, 2, 1, 0, 6, 7]","[(5, 103184), (12, 125450), (4, 97784), (2, 117053), (1, 88180), (0, 186512), (6, 90839), (7, 79486)]",111061.0,888488
2025-02-19,11,"[5, 12, 0, 6, 7, 1]","[(5, 103184), (12, 125450), (0, 186512), (6, 90839), (7, 79486), (1, 145656)]",121854.5,731127
2025-02-20,31,"[5, 12, 7, 1, 11, 8, 6, 3, 4, 2, 0, 9]","[(5, 103184), (12, 125450), (7, 79486), (1, 145656), (11, 161561), (8, 153353), (6, 113967), (3, 145182), (4, 85720), (2, 96584), (0, 134306), (9, 88244)]",119391.08333333333,1432693
2025-02-21,30,"[5, 12, 1, 11, 8, 6, 3, 4, 2, 0, 9, 7]","[(5, 103184), (12, 125450), (1, 145656), (11, 161561), (8, 153353), (6, 113967), (3, 145182), (4, 85720), (2, 96584), (0, 134306), (9, 88244), (7, 116496)]",122475.25,1469703
2025-02-22,26,"[5, 12, 1, 6, 3, 4, 2, 0, 9, 7, 8]","[(5, 103184), (12, 125450), (1, 145656), (6, 113967), (3, 145182), (4, 85720), (2, 96584), (0, 134306), (9, 88244), (7, 116496), (8, 283895)]",130789.45454545454,1438684
2025-02-23,8,"[5, 12, 9, 7, 8, 1]","[(5, 103184), (12, 125450), (9, 88244), (7, 116496), (8, 283895), (1, 220088)]",156226.16666666666,937357
2025-02-24,15,"[5, 12, 9, 1, 7, 8, 2, 0, 11, 4]","[(5, 103184), (12, 125450), (9, 88244), (1, 220088), (7, 105024), (8, 88329), (2, 224587), (0, 222743), (11, 135657), (4, 151764)]",146507.0,1465070
2025-02-25,14,"[5, 12, 9, 7, 8, 2, 0, 11, 4]","[(5, 103184), (12, 125450), (9, 88244), (7, 105024), (8, 88329), (2, 224587), (0, 222743), (11, 135657), (4, 151764)]",138331.33333333334,1244982
2025-02-26,12,"[5, 12, 9, 8, 2, 0, 11, 4]","[(5, 103184), (12, 125450), (9, 88244), (8, 88329), (2, 224587), (0, 222743), (11, 135657), (4, 151764)]",142494.75,1139958
2025-02-27,19,"[5, 12, 0, 11, 4, 3, 7, 2]","[(5, 103184), (12, 125450), (0, 222743), (11, 135657), (4, 151764), (3, 107076), (7, 97495), (2, 91518)]",129360.875,1034887
2025-02-28,24,"[5, 12, 0, 11, 4, 3, 7, 2, 9, 1]","[(5, 103184), (12, 125450), (0, 222743), (11, 135657), (4, 151764), (3, 107076), (7, 97495), (2, 91518), (9, 100581), (1, 114149)]",124961.7,1249617
2025-03-01,26,"[5, 12, 11, 4, 3, 7, 2, 9, 1, 0, 8]","[(5, 103184), (12, 125450), (11, 135657), (4, 151764), (3, 107076), (7, 97495), (2, 91518), (9, 100581), (1, 114149), (0, 118354), (8, 281692)]",129720.0,1426920
2025-03-02,17,"[5, 12, 4, 2, 9, 1, 0, 8]","[(5, 103184), (12, 125450), (4, 151764), (2, 91518), (9, 100581), (1, 114149), (0, 118354), (8, 281692)]",135836.5,1086692
2025-03-03,9,"[5, 12, 4, 9, 1, 8]","[(5, 103184), (12, 125450), (4, 151764), (9, 100581), (1, 114149), (8, 281692)]",146136.66666666666,876820
2025-03-04,8,"[5, 12, 4, 1, 8, 0]","[(5, 103184), (12, 125450), (4, 151764), (1, 114149), (8, 281692), (0, 123179)]",149903.0,899418
2025-03-05,11,"[12, 4, 1, 0, 9, 3]","[(12, 125450), (4, 151764), (1, 114149), (0, 123179), (9, 128506), (3, 51681)]",115788.16666666667,694729
2025-03-06,16,"[12, 4, 1, 0, 9, 3, 5, 8, 7]","[(12, 125450), (4, 151764), (1, 114149), (0, 123179), (9, 128506), (3, 51681), (5, 129472), (8, 269421), (7, 123441)]",135229.22222222222,1217063
2025-03-07,19,"[12, 4, 1, 0, 9, 3, 5, 8, 7, 11]","[(12, 125450), (4, 151764), (1, 114149), (0, 123179), (9, 128506), (3, 51681), (5, 129472), (8, 269421), (7, 123441), (11, 140553)]",135761.6,1357616
2025-03-08,22,"[12, 1, 9, 3, 5, 8, 7, 11, 2, 4]","[(12, 125450), (1, 114149), (9, 128506), (3, 51681), (5, 129472), (8, 269421), (7, 123441), (11, 140553), (2, 81710), (4, 70009)]",123439.2,1234392
2025-03-09,20,"[12, 1, 9, 3, 8, 7, 11, 2, 4]","[(12, 125450), (1, 114149), (9, 128506), (3, 51681), (8, 269421), (7, 123441), (11, 140553), (2, 81710), (4, 70009)]",122768.88888888889,1104920
2025-03-10,17,"[1, 3, 7, 2, 4, 8, 0]","[(1, 114149), (3, 51681), (7, 123441), (2, 81710), (4, 70009), (8, 114022), (0, 116392)]",95914.85714285714,671404
2025-03-11,13,"[1, 3, 4, 8, 0, 9]","[(1, 114149), (3, 51681), (4, 70009), (8, 114022), (0, 116392), (9, 85911)]",92027.33333333333,552164
2025-03-12,17,"[1, 3, 4, 8, 0, 9, 5, 12]","[(1, 114149), (3, 51681), (4, 70009), (8, 114022), (0, 116392), (9, 85911), (5, 92921), (12, 91346)]",92053.875,736431
2025-03-13,20,"[1, 3, 0, 9, 5, 12, 6, 4, 7]","[(1, 114149), (3, 51681), (0, 116392), (9, 85911), (5, 92921), (12, 91346), (6, 216159), (4, 117425), (7, 119442)]",111714.0,1005426
2025-03-14,28,"[1, 0, 9, 5, 12, 6, 4, 7, 2, 11, 8]","[(1, 114149), (0, 116392), (9, 85911), (5, 92921), (12, 91346), (6, 216159), (4, 117425), (7, 119442), (2, 122643), (11, 174018), (8, 154702)]",127737.09090909091,1405108
2025-03-15,29,"[9, 5, 12, 6, 4, 7, 2, 11, 8, 1, 3, 0]","[(9, 85911), (5, 92921), (12, 91346), (6, 216159), (4, 117425), (7, 119442), (2, 122643), (11, 174018), (8, 154702), (1, 412289), (3, 102050), (0, 114150)]",150254.66666666666,1803056
2025-03-16,24,"[9, 7, 2, 11, 8, 3, 0, 6, 1]","[(9, 85911), (7, 119442), (2, 122643), (11, 174018), (8, 154702), (3, 102050), (0, 114150), (6, 123201), (1, 110546)]",122962.55555555556,1106663
2025-03-17,15,"[9, 3, 0, 6, 1, 8, 4]","[(9, 85911), (3, 102050), (0, 114150), (6, 123201), (1, 110546), (8, 142812), (4, 87745)]",109487.85714285714,766415
2025-03-18,14,"[9, 0, 6, 1, 8, 4, 12]","[(9, 85911), (0, 114150), (6, 123201), (1, 110546), (8, 142812), (4, 87745), (12, 145260)]",115660.71428571429,809625
2025-03-19,15,"[0, 4, 12, 8, 6, 9, 1]","[(0, 114150), (4, 87745), (12, 145260), (8, 148390), (6, 154706), (9, 109877), (1, 285735)]",149409.0,1045863
2025-03-20,33,"[0, 4, 12, 8, 6, 9, 1, 2, 5, 7, 11, 3]","[(0, 114150), (4, 87745), (12, 145260), (8, 148390), (6, 154706), (9, 109877), (1, 285735), (2, 135347), (5, 112182), (7, 115566), (11, 92215), (3, 80771)]",131828.66666666666,1581944
2025-03-21,31,"[0, 4, 12, 6, 9, 1, 2, 5, 7, 11, 3]","[(0, 114150), (4, 87745), (12, 145260), (6, 154706), (9, 109877), (1, 285735), (2, 135347), (5, 112182), (7, 115566), (11, 92215), (3, 80771)]",130323.09090909091,1433554
2025-03-22,32,"[0, 12, 6, 9, 1, 2, 5, 7, 11, 3, 8, 4]","[(0, 114150), (12, 145260), (6, 154706), (9, 109877), (1, 285735), (2, 135347), (5, 112182), (7, 115566), (11, 92215), (3, 80771), (8, 155966), (4, 136314)]",136507.41666666666,1638089
2025-03-23,17,"[3, 8, 4, 7, 1, 11, 2, 9]","[(3, 80771), (8, 155966), (4, 136314), (7, 96658), (1, 137290), (11, 96630), (2, 144922), (9, 177513)]",128258.0,1026064
2025-03-24,16,"[8, 4, 7, 1, 11, 2, 9, 0]","[(8, 155966), (4, 136314), (7, 96658), (1, 137290), (11, 96630), (2, 144922), (9, 177513), (0, 120734)]",133253.375,1066027
2025-03-25,11,"[1, 11, 2, 9, 0]","[(1, 137290), (11, 96630), (2, 144922), (9, 177513), (0, 120734)]",135417.8,677089
2025-03-26,16,"[1, 11, 2, 9, 0, 12, 5, 8]","[(1, 137290), (11, 96630), (2, 144922), (9, 177513), (0, 120734), (12, 90104), (5, 205773), (8, 166753)]",142464.875,1139719
2025-03-27,22,"[11, 2, 9, 12, 5, 8, 1, 0, 6]","[(11, 96630), (2, 144922), (9, 177513), (12, 90104), (5, 205773), (8, 166753), (1, 179335), (0, 146762), (6, 138926)]",149635.33333333334,1346718
2025-03-28,24,"[11, 2, 9, 5, 8, 1, 0, 6, 12, 7]","[(11, 96630), (2, 144922), (9, 177513), (5, 205773), (8, 166753), (1, 179335), (0, 146762), (6, 138926), (12, 120502), (7, 162250)]",153936.6,1539366
2025-03-29,32,"[9, 8, 1, 0, 6, 12, 7, 3, 11, 2, 4, 5]","[(9, 177513), (8, 166753), (1, 179335), (0, 146762), (6, 138926), (12, 120502), (7, 162250), (3, 91926), (11, 117623), (2, 70323), (4, 170025), (5, 216630)]",146547.33333333334,1758568
2025-03-30,26,"[9, 6, 7, 3, 11, 2, 4, 5, 0]","[(9, 177513), (6, 138926), (7, 162250), (3, 91926), (11, 117623), (2, 70323), (4, 170025), (5, 216630), (0, 84555)]",136641.22222222222,1229771
2025-03-31,20,"[9, 3, 11, 2, 4, 5, 0, 8]","[(9, 177513), (3, 91926), (11, 117623), (2, 70323), (4, 170025), (5, 216630), (0, 84555), (8, 122733)]",131416.0,1051328
2025-04-01,17,"[2, 4, 5, 0, 8, 1, 9, 12]","[(2, 70323), (4, 170025), (5, 216630), (0, 84555), (8, 122733), (1, 309328), (9, 97048), (12, 112676)]",147914.75,1183318
2025-04-02,15,"[4, 5, 0, 1, 9, 12, 8, 7, 11]","[(4, 170025), (5, 216630), (0, 84555), (1, 309328), (9, 97048), (12, 112676), (8, 239888), (7, 173814), (11, 236021)]",182220.55555555556,1639985
2025-04-03,30,"[5, 9, 12, 8, 7, 11, 0, 1, 2, 3, 6, 4]","[(5, 216630), (9, 97048), (12, 112676), (8, 239888), (7, 173814), (11, 236021), (0, 196440), (1, 143509), (2, 186474), (3, 206163), (6, 211852), (4, 122903)]",178618.16666666666,2143418
2025-04-04,34,"[5, 12, 7, 11, 0, 1, 2, 3, 6, 4, 9, 8]","[(5, 216630), (12, 112676), (7, 173814), (11, 236021), (0, 196440), (1, 143509), (2, 186474), (3, 206163), (6, 211852), (4, 122903), (9, 124713), (8, 212094)]",178607.41666666666,2143289
2025-04-05,33,"[5, 12, 11, 2, 3, 6, 4, 9, 8, 0, 1, 7]","[(5, 216630), (12, 112676), (11, 236021), (2, 186474), (3, 206163), (6, 211852), (4, 122903), (9, 124713), (8, 212094), (0, 264596), (1, 195854), (7, 95752)]",182144.0,2185728
2025-04-06,15,"[9, 8, 0, 1, 7, 6]","[(9, 124713), (8, 212094), (0, 264596), (1, 195854), (7, 95752), (6, 129770)]",170463.16666666666,1022779
2025-04-07,13,"[1, 7, 8, 2, 3, 11]","[(1, 195854), (7, 95752), (8, 235426), (2, 87257), (3, 98434), (11, 143788)]",142751.83333333334,856511
2025-04-08,18,"[1, 7, 8, 2, 3, 11, 0, 9]","[(1, 195854), (7, 95752), (8, 235426), (2, 87257), (3, 98434), (11, 143788), (0, 112777), (9, 124750)]",136754.75,1094038
2025-04-09,20,"[2, 3, 11, 0, 9, 8, 4, 6]","[(2, 87257), (3, 98434), (11, 143788), (0, 112777), (9, 124750), (8, 177699), (4, 126121), (6, 290067)]",145111.625,1160893
2025-04-10,18,"[3, 11, 9, 8, 4, 6, 1, 12]","[(3, 98434), (11, 143788), (9, 124750), (8, 177699), (4, 126121), (6, 290067), (1, 397713), (12, 118031)]",184575.375,1476603
2025-04-11,30,"[11, 9, 8, 4, 6, 1, 12, 5, 3, 7, 2, 0]","[(11, 143788), (9, 124750), (8, 177699), (4, 126121), (6, 290067), (1, 397713), (12, 118031), (5, 320372), (3, 156653), (7, 154720), (2, 130080), (0, 193037)]",194419.25,2333031
2025-04-12,31,"[8, 4, 6, 1, 12, 5, 3, 7, 2, 0, 11, 9]","[(8, 177699), (4, 126121), (6, 290067), (1, 397713), (12, 118031), (5, 320372), (3, 156653), (7, 154720), (2, 130080), (0, 193037), (11, 196049), (9, 172541)]",202756.91666666666,2433083
2025-04-13,31,"[8, 4, 6, 12, 3, 7, 2, 0, 11, 9, 1]","[(8, 177699), (4, 126121), (6, 290067), (12, 118031), (3, 156653), (7, 154720), (2, 130080), (0, 193037), (11, 196049), (9, 172541), (1, 240961)]",177814.45454545456,1955959
2025-04-14,25,"[4, 6, 12, 0, 11, 9, 1, 2, 7, 5]","[(4, 126121), (6, 290067), (12, 118031), (0, 193037), (11, 196049), (9, 172541), (1, 240961), (2, 154187), (7, 92872), (5, 159294)]",174316.0,1743160
2025-04-15,26,"[4, 6, 11, 9, 1, 2, 7, 5, 0, 3]","[(4, 126121), (6, 290067), (11, 196049), (9, 172541), (1, 240961), (2, 154187), (7, 92872), (5, 159294), (0, 174130), (3, 218928)]",182515.0,1825150
2025-04-16,27,"[4, 6, 9, 1, 2, 7, 5, 0, 3, 12, 8]","[(4, 126121), (6, 290067), (9, 172541), (1, 240961), (2, 154187), (7, 92872), (5, 159294), (0, 174130), (3, 218928), (12, 197597), (8, 304560)]",193750.72727272726,2131258
2025-04-17,31,"[6, 9, 1, 5, 3, 12, 8, 4, 7, 2, 0]","[(6, 290067), (9, 172541), (1, 240961), (5, 159294), (3, 218928), (12, 197597), (8, 304560), (4, 156765), (7, 573107), (2, 176574), (0, 273911)]",251300.45454545456,2764305
2025-04-18,35,"[6, 9, 1, 3, 12, 8, 7, 2, 0, 5, 11, 4]","[(6, 290067), (9, 172541), (1, 240961), (3, 218928), (12, 197597), (8, 304560), (7, 573107), (2, 176574), (0, 273911), (5, 489035), (11, 230090), (4, 176199)]",278630.8333333333,3343570
2025-04-19,39,"[1, 3, 12, 8, 7, 2, 0, 11, 4, 9, 5, 6]","[(1, 240961), (3, 218928), (12, 197597), (8, 304560), (7, 573107), (2, 176574), (0, 273911), (11, 230090), (4, 176199), (9, 169779), (5, 220506), (6, 135882)]",243174.5,2918094
2025-04-20,33,"[1, 8, 0, 11, 4, 9, 5, 6, 7, 2, 3]","[(1, 240961), (8, 304560), (0, 273911), (11, 230090), (4, 176199), (9, 169779), (5, 220506), (6, 135882), (7, 110602), (2, 81060), (3, 67165)]",182792.27272727274,2010715
2025-04-21,18,"[1, 8, 5, 6, 7, 2, 3]","[(1, 240961), (8, 304560), (5, 220506), (6, 135882), (7, 110602), (2, 81060), (3, 67165)]",165819.42857142858,1160736
2025-04-22,22,"[1, 5, 6, 2, 3, 9, 8, 4]","[(1, 240961), (5, 220506), (6, 135882), (2, 81060), (3, 67165), (9, 132373), (8, 135561), (4, 112988)]",140812.0,1126496
2025-04-23,21,"[1, 9, 8, 4, 12, 11, 0, 7, 5]","[(1, 240961), (9, 132373), (8, 135561), (4, 112988), (12, 158048), (11, 162789), (0, 408794), (7, 353809), (5, 153314)]",206515.22222222222,1858637
2025-04-24,31,"[1, 4, 12, 11, 0, 7, 5, 2, 9, 8, 6, 3]","[(1, 240961), (4, 112988), (12, 158048), (11, 162789), (0, 408794), (7, 353809), (5, 153314), (2, 340042), (9, 180525), (8, 299642), (6, 251824), (3, 157947)]",235056.91666666666,2820683
2025-04-25,31,"[1, 12, 11, 0, 7, 5, 2, 9, 8, 6, 3, 4]","[(1, 240961), (12, 158048), (11, 162789), (0, 408794), (7, 353809), (5, 153314), (2, 340042), (9, 180525), (8, 299642), (6, 251824), (3, 157947), (4, 114636)]",235194.25,2822331
2025-04-26,31,"[7, 5, 9, 8, 6, 3, 4, 2, 1, 0, 11, 12]","[(7, 353809), (5, 153314), (9, 180525), (8, 299642), (6, 251824), (3, 157947), (4, 114636), (2, 90077), (1, 138434), (0, 215440), (11, 111364), (12, 87772)]",179565.33333333334,2154784
2025-04-27,23,"[5, 6, 3, 2, 1, 0, 11, 12, 8]","[(5, 153314), (6, 251824), (3, 157947), (2, 90077), (1, 138434), (0, 215440), (11, 111364), (12, 87772), (8, 235780)]",160216.88888888888,1441952
2025-04-28,13,"[3, 1, 0, 11, 12, 8, 4]","[(3, 157947), (1, 138434), (0, 215440), (11, 111364), (12, 87772), (8, 235780), (4, 304563)]",178757.14285714287,1251300
2025-04-29,3,"[8, 4]","[(8, 235780), (4, 304563)]",270171.5,540343
2025-04-30,15,"[4, 8, 2, 5, 7, 0, 1]","[(4, 304563), (8, 201264), (2, 86312), (5, 196030), (7, 328877), (0, 598020), (1, 211661)]",275246.71428571426,1926727
2025-05-01,37,"[4, 8, 2, 5, 7, 0, 1, 3, 6, 9, 11, 12]","[(4, 304563), (8, 201264), (2, 86312), (5, 196030), (7, 328877), (0, 598020), (1, 211661), (3, 222946), (6, 190518), (9, 289658), (11, 242733), (12, 266618)]",261600.0,3139200
2025-05-02,35,"[4, 5, 7, 0, 1, 3, 6, 9, 11, 12, 8, 2]","[(4, 304563), (5, 196030), (7, 328877), (0, 598020), (1, 211661), (3, 222946), (6, 190518), (9, 289658), (11, 242733), (12, 266618), (8, 394608), (2, 696072)]",328525.3333333333,3942304
2025-05-03,34,"[4, 7, 0, 1, 6, 9, 11, 12, 2, 3, 8, 5]","[(4, 304563), (7, 328877), (0, 598020), (1, 211661), (6, 190518), (9, 289658), (11, 242733), (12, 266618), (2, 696072), (3, 204099), (8, 321320), (5, 153790)]",317327.4166666667,3807929
2025-05-04,17,"[4, 1, 12, 2, 8, 5, 9, 0, 7]","[(4, 304563), (1, 211661), (12, 266618), (2, 696072), (8, 321320), (5, 153790), (9, 97048), (0, 104932), (7, 228008)]",264890.22222222225,2384012
2025-05-05,23,"[1, 8, 5, 9, 0, 7, 2, 6]","[(1, 211661), (8, 321320), (5, 153790), (9, 97048), (0, 104932), (7, 228008), (2, 125424), (6, 69905)]",164011.0,1312088
2025-05-06,25,"[1, 5, 9, 0, 7, 2, 6, 8, 12]","[(1, 211661), (5, 153790), (9, 97048), (0, 104932), (7, 228008), (2, 125424), (6, 69905), (8, 258146), (12, 88138)]",148561.33333333334,1337052
2025-05-07,26,"[1, 5, 7, 6, 8, 12, 0, 4, 3, 9, 2]","[(1, 211661), (5, 153790), (7, 228008), (6, 69905), (8, 258146), (12, 88138), (0, 235482), (4, 159256), (3, 196867), (9, 166581), (2, 101030)]",169896.72727272726,1868864
2025-05-08,26,"[1, 5, 7, 8, 12, 0, 4, 3, 9, 2, 11]","[(1, 211661), (5, 153790), (7, 228008), (8, 258146), (12, 88138), (0, 235482), (4, 159256), (3, 196867), (9, 166581), (2, 101030), (11, 211821)]",182798.18181818182,2010780
2025-05-09,29,"[1, 7, 12, 4, 3, 9, 2, 11, 8, 5, 0, 6]","[(1, 211661), (7, 228008), (12, 88138), (4, 159256), (3, 196867), (9, 166581), (2, 101030), (11, 211821), (8, 226418), (5, 162566), (0, 171862), (6, 145312)]",172460.0,2069520
2025-05-10,25,"[9, 2, 11, 8, 5, 0, 6, 7, 3, 12]","[(9, 166581), (2, 101030), (11, 211821), (8, 226418), (5, 162566), (0, 171862), (6, 145312), (7, 219782), (3, 100242), (12, 78378)]",158399.2,1583992
2025-05-11,20,"[2, 5, 0, 6, 7, 3, 12, 1, 9]","[(2, 101030), (5, 162566), (0, 171862), (6, 145312), (7, 219782), (3, 100242), (12, 78378), (1, 132856), (9, 230908)]",149215.11111111112,1342936
2025-05-12,19,"[2, 6, 7, 3, 12, 1, 9, 8, 4]","[(2, 101030), (6, 145312), (7, 219782), (3, 100242), (12, 78378), (1, 132856), (9, 230908), (8, 266228), (4, 200471)]",163911.88888888888,1475207
2025-05-13,23,"[2, 6, 7, 3, 12, 1, 9, 8, 4, 0, 11]","[(2, 101030), (6, 145312), (7, 219782), (3, 100242), (12, 78378), (1, 132856), (9, 230908), (8, 266228), (4, 200471), (0, 135087), (11, 161444)]",161067.0909090909,1771738
2025-05-14,14,"[2, 9, 8, 4, 0, 11, 3]","[(2, 101030), (9, 230908), (8, 266228), (4, 200471), (0, 135087), (11, 161444), (3, 142952)]",176874.2857142857,1238120
2025-05-15,18,"[9, 8, 4, 11, 3, 1, 6, 5]","[(9, 230908), (8, 266228), (4, 200471), (11, 161444), (3, 142952), (1, 179763), (6, 121264), (5, 107980)]",176376.25,1411010
2025-05-16,30,"[9, 4, 11, 3, 1, 6, 5, 8, 7, 12, 0, 2]","[(9, 230908), (4, 200471), (11, 161444), (3, 142952), (1, 179763), (6, 121264), (5, 107980), (8, 209742), (7, 242863), (12, 179066), (0, 236977), (2, 100363)]",176149.41666666666,2113793
2025-05-17,32,"[4, 11, 6, 5, 8, 7, 12, 0, 2, 3, 1, 9]","[(4, 200471), (11, 161444), (6, 121264), (5, 107980), (8, 209742), (7, 242863), (12, 179066), (0, 236977), (2, 100363), (3, 107627), (1, 136537), (9, 111829)]",159680.25,1916163
2025-05-18,32,"[4, 11, 6, 5, 7, 12, 0, 2, 3, 1, 9, 8]","[(4, 200471), (11, 161444), (6, 121264), (5, 107980), (7, 242863), (12, 179066), (0, 236977), (2, 100363), (3, 107627), (1, 136537), (9, 111829), (8, 152280)]",154891.75,1858701
2025-05-19,20,"[11, 12, 0, 2, 9, 8, 3, 7]","[(11, 161444), (12, 179066), (0, 236977), (2, 100363), (9, 111829), (8, 152280), (3, 100242), (7, 92949)]",141893.75,1135150
2025-05-20,23,"[0, 2, 9, 8, 3, 7, 12, 5, 1]","[(0, 236977), (2, 100363), (9, 111829), (8, 152280), (3, 100242), (7, 92949), (12, 146563), (5, 149142), (1, 261936)]",150253.44444444444,1352281
2025-05-21,17,"[8, 3, 7, 12, 5, 1, 4, 9]","[(8, 152280), (3, 100242), (7, 92949), (12, 146563), (5, 149142), (1, 261936), (4, 130340), (9, 238940)]",159049.0,1272392
2025-05-22,26,"[3, 7, 12, 5, 1, 4, 9, 8, 2, 11]","[(3, 100242), (7, 92949), (12, 146563), (5, 149142), (1, 261936), (4, 130340), (9, 238940), (8, 306632), (2, 144953), (11, 189511)]",176120.8,1761208
2025-05-23,32,"[12, 5, 1, 4, 9, 8, 2, 11, 7, 6, 0, 3]","[(12, 146563), (5, 149142), (1, 261936), (4, 130340), (9, 238940), (8, 306632), (2, 144953), (11, 189511), (7, 242863), (6, 260779), (0, 453004), (3, 134421)]",221590.33333333334,2659084
2025-05-24,31,"[5, 1, 9, 8, 2, 11, 7, 6, 0, 3, 12, 4]","[(5, 149142), (1, 261936), (9, 238940), (8, 306632), (2, 144953), (11, 189511), (7, 242863), (6, 260779), (0, 453004), (3, 134421), (12, 134167), (4, 125234)]",220131.83333333334,2641582
2025-05-25,23,"[5, 1, 9, 7, 6, 0, 3, 12, 4, 8, 2]","[(5, 149142), (1, 261936), (9, 238940), (7, 242863), (6, 260779), (0, 453004), (3, 134421), (12, 134167), (4, 125234), (8, 218694), (2, 128096)]",213388.72727272726,2347276
2025-05-26,22,"[1, 0, 3, 4, 8, 2, 6, 11, 9]","[(1, 261936), (0, 453004), (3, 134421), (4, 125234), (8, 218694), (2, 128096), (6, 131815), (11, 135534), (9, 114413)]",189238.55555555556,1703147
2025-05-27,18,"[3, 2, 6, 11, 9, 5]","[(3, 134421), (2, 128096), (6, 131815), (11, 135534), (9, 114413), (5, 203495)]",141295.66666666666,847774
2025-05-28,26,"[3, 6, 11, 9, 5, 4, 2, 8]","[(3, 134421), (6, 131815), (11, 135534), (9, 114413), (5, 203495), (4, 142734), (2, 258740), (8, 355301)]",184556.625,1476453
2025-05-29,40,"[3, 9, 5, 4, 2, 8, 0, 7, 12, 1, 6, 11]","[(3, 134421), (9, 114413), (5, 203495), (4, 142734), (2, 258740), (8, 355301), (0, 372131), (7, 283764), (12, 204527), (1, 366925), (6, 188002), (11, 267627)]",241006.66666666666,2892080
2025-05-30,40,"[3, 9, 5, 4, 2, 8, 0, 7, 12, 1, 6, 11]","[(3, 134421), (9, 114413), (5, 203495), (4, 142734), (2, 258740), (8, 355301), (0, 372131), (7, 283764), (12, 204527), (1, 366925), (6, 188002), (11, 267627)]",241006.66666666666,2892080
2025-05-31,36,"[2, 8, 7, 12, 1, 6, 11, 4, 0, 5, 3, 9]","[(2, 258740), (8, 355301), (7, 283764), (12, 204527), (1, 366925), (6, 188002), (11, 267627), (4, 142734), (0, 208376), (5, 167242), (3, 137703), (9, 184244)]",230432.08333333334,2765185
